{"type":"FeatureCollection","name":"Муниципальные территории Республики Дагестан","source":"geoBoundaries gbOpen RUS ADM2, OpenStreetMap and Wambacher, 2017","license":"ODbL 1.0","features":[{"type":"Feature","properties":{"name":"Агульский район","sourceName":"Agulsky District","shapeID":"50074027B51517271317611"},"geometry":{"type":"Polygon","coordinates":[[[47.380216,41.8901444],[47.3760777,41.8864596],[47.3756995,41.8834394],[47.380675,41.8806051],[47.3800779,41.8771125],[47.373902,41.8741658],[47.3581408,41.8704548],[47.3502003,41.8655341],[47.3457788,41.8569673],[47.3367798,41.8500167],[47.3156263,41.8476067],[47.3099722,41.8443325],[47.309828,41.8385908],[47.3140056,41.8344713],[47.3144771,41.831115],[47.312142,41.8299389],[47.3120139,41.8273801],[47.3147933,41.819931],[47.3185105,41.8160277],[47.318526,41.8086697],[47.3318385,41.804352],[47.3323891,41.7945866],[47.3492757,41.7824047],[47.3544193,41.7824743],[47.3760184,41.7905533],[47.3787208,41.7860493],[47.3808193,41.7861926],[47.3894611,41.7804633],[47.3907719,41.7742004],[47.3956559,41.7697097],[47.4022263,41.7684601],[47.4043999,41.753785],[47.4069388,41.7511735],[47.4099687,41.7403232],[47.4146948,41.7385635],[47.4175131,41.7392196],[47.4221194,41.7367719],[47.4275944,41.7312668],[47.4279235,41.720706],[47.4322234,41.7198506],[47.4452947,41.7112716],[47.4486601,41.7083116],[47.4525805,41.6948758],[47.46031,41.6924568],[47.4624672,41.6892864],[47.4746271,41.6810411],[47.4746723,41.6756644],[47.471861,41.6718482],[47.4736786,41.6694532],[47.4921278,41.6738895],[47.5098041,41.6852513],[47.5115772,41.6880605],[47.5281701,41.6925854],[47.5314536,41.6906772],[47.5367884,41.6904581],[47.5409644,41.6856205],[47.5459057,41.6830802],[47.5563653,41.6849857],[47.5609869,41.6820592],[47.5645785,41.6826863],[47.5677249,41.684821],[47.5682061,41.6872702],[47.5583613,41.699729],[47.5540117,41.7011056],[47.5537962,41.7043218],[47.5459981,41.708511],[47.5543274,41.7092226],[47.5473805,41.7205584],[47.5598023,41.7197011],[47.5628746,41.7229976],[47.5698695,41.7219513],[47.573529,41.7234595],[47.5828349,41.711626],[47.5851267,41.7111624],[47.5920237,41.7120939],[47.5926631,41.7220478],[47.6005333,41.7165433],[47.6036602,41.7163544],[47.6067272,41.7129398],[47.6129376,41.7140458],[47.6187748,41.7034542],[47.6280491,41.698198],[47.6301705,41.6951322],[47.6302205,41.6857982],[47.6324077,41.6836138],[47.6400245,41.6821941],[47.6420176,41.6863334],[47.6493912,41.6919256],[47.6432711,41.6995096],[47.6449654,41.7080378],[47.6431205,41.7100485],[47.6527985,41.7161433],[47.650662,41.7260485],[47.6446694,41.732363],[47.6621535,41.7295728],[47.6740946,41.7240176],[47.6935083,41.719512],[47.688236,41.7098667],[47.6898197,41.7064053],[47.6922486,41.7034816],[47.6977942,41.7015117],[47.7021273,41.6963447],[47.7032151,41.6935421],[47.6996864,41.6910049],[47.7107872,41.6830854],[47.7161041,41.6864497],[47.733186,41.6923613],[47.74261,41.7007728],[47.7574582,41.6993834],[47.7588949,41.6971586],[47.7676725,41.6969055],[47.7746554,41.7070946],[47.7799378,41.7072302],[47.782232,41.7094079],[47.7938621,41.7099286],[47.8117484,41.714855],[47.8091789,41.7226587],[47.809196,41.7363257],[47.8039614,41.7423848],[47.7993112,41.7447836],[47.7997255,41.7502862],[47.7969218,41.7602418],[47.7949212,41.7655894],[47.7927534,41.766809],[47.8107145,41.7763373],[47.8164592,41.7851132],[47.8139804,41.786744],[47.8092114,41.7868214],[47.8078898,41.7913256],[47.7940688,41.7982843],[47.7868681,41.8142814],[47.7973295,41.8208961],[47.7961974,41.8245815],[47.7923813,41.8274902],[47.7782597,41.8271802],[47.7648691,41.824315],[47.7618605,41.8275398],[47.7543641,41.8270204],[47.7466824,41.832674],[47.7492125,41.8374744],[47.7481333,41.84103],[47.7383563,41.8460195],[47.7366567,41.8506973],[47.7259731,41.8570895],[47.7243913,41.8596159],[47.7269496,41.861922],[47.7133918,41.87388],[47.7166754,41.879214],[47.7201926,41.8772775],[47.729674,41.87727],[47.7325481,41.8789619],[47.7306971,41.8953119],[47.7269772,41.897207],[47.7154446,41.9005929],[47.7086714,41.8998402],[47.7012592,41.901134],[47.6930919,41.9044536],[47.6820319,41.9039408],[47.6774293,41.9069149],[47.6925864,41.913403],[47.7079926,41.923823],[47.6957563,41.9266092],[47.6951344,41.9302474],[47.6750208,41.9358219],[47.6742239,41.9393751],[47.6768429,41.9444991],[47.6744988,41.9461691],[47.6749572,41.9485965],[47.671925,41.9505932],[47.6679785,41.9506168],[47.6614227,41.9463546],[47.6562469,41.9472452],[47.6640183,41.9520597],[47.6639308,41.9546623],[47.6601547,41.9572007],[47.6553441,41.9578952],[47.6520699,41.961201],[47.6513697,41.9658932],[47.6447922,41.970727],[47.6360304,41.9734223],[47.6239162,41.969512],[47.6181307,41.9759957],[47.6120175,41.9785884],[47.604471,41.9790596],[47.5976067,41.9785589],[47.5816818,41.9738043],[47.5763038,41.9687784],[47.5729747,41.9608816],[47.5659562,41.9558637],[47.560294,41.9573546],[47.5574868,41.9559708],[47.5577535,41.9535824],[47.5605604,41.9517619],[47.5595303,41.9461327],[47.5495701,41.9403973],[47.5474607,41.9363646],[47.5447788,41.9357796],[47.5454378,41.93231],[47.5396294,41.9298477],[47.5391994,41.926964],[47.5306054,41.9221666],[47.5212588,41.923587],[47.5151389,41.921555],[47.5140723,41.9181581],[47.5189529,41.9129956],[47.5171742,41.8999286],[47.5195425,41.8974229],[47.5227647,41.8835367],[47.5141144,41.8745446],[47.5085737,41.8655592],[47.4997928,41.8612334],[47.4812994,41.8618311],[47.4726466,41.8664705],[47.47444,41.8714952],[47.4829051,41.8796308],[47.4823837,41.8902999],[47.4779809,41.8941254],[47.4775742,41.8973745],[47.4525163,41.8992215],[47.447463,41.904984],[47.4430618,41.9054533],[47.4288386,41.9010362],[47.4199685,41.9004681],[47.4145936,41.8973916],[47.4037174,41.8980555],[47.3979005,41.8932379],[47.3893288,41.8941072],[47.380216,41.8901444]]]}},{"type":"Feature","properties":{"name":"Акушинский район","sourceName":"Akushinsky District","shapeID":"50074027B7177074133240"},"geometry":{"type":"Polygon","coordinates":[[[47.5274369,42.2485343],[47.5349804,42.2539388],[47.5372481,42.2583793],[47.5374765,42.2712376],[47.5237309,42.275518],[47.5192956,42.2783344],[47.5182917,42.2828979],[47.526386,42.2879779],[47.5355518,42.2895684],[47.5452747,42.288618],[47.5496995,42.2911338],[47.5501052,42.3040772],[47.5462771,42.3101172],[47.5389613,42.3150127],[47.5115558,42.3224106],[47.5096526,42.3200539],[47.501731,42.3187137],[47.4597093,42.3178208],[47.4411759,42.327315],[47.4308155,42.3293342],[47.4098289,42.3372416],[47.398385,42.3335849],[47.3923743,42.336316],[47.3839632,42.3353996],[47.38144,42.3305484],[47.3729285,42.3226212],[47.3615891,42.316251],[47.3452543,42.3275718],[47.3324489,42.3177626],[47.3211013,42.319775],[47.2826286,42.3336874],[47.2792305,42.3383411],[47.2525505,42.3486857],[47.2257377,42.356917],[47.2161309,42.3620548],[47.2105573,42.3603026],[47.1992139,42.3499597],[47.186051,42.3495536],[47.1808568,42.3386817],[47.1787855,42.3250087],[47.1822529,42.3218201],[47.1927878,42.3179306],[47.197928,42.3128032],[47.1994175,42.3078114],[47.1848444,42.2984622],[47.2076927,42.2721847],[47.2135557,42.2601737],[47.2279271,42.2484456],[47.2359017,42.2449876],[47.2656989,42.2225429],[47.2655921,42.218038],[47.2613586,42.2158118],[47.2484595,42.2165735],[47.2365087,42.1940638],[47.2435163,42.1822207],[47.2408073,42.1558621],[47.2436098,42.1485872],[47.2557786,42.1559566],[47.2596505,42.1557323],[47.2637987,42.1526686],[47.2640842,42.1387758],[47.2859645,42.1222046],[47.2920758,42.1196077],[47.3005405,42.125692],[47.3047585,42.1257663],[47.3056088,42.1225382],[47.3010029,42.1141642],[47.2993875,42.0912875],[47.3020835,42.0877102],[47.3094633,42.085539],[47.3107213,42.0831699],[47.3027165,42.0757517],[47.3098207,42.0651513],[47.3191653,42.0420709],[47.3175813,42.0370864],[47.3065919,42.0316986],[47.3075442,42.0261046],[47.3108648,42.021192],[47.3166029,42.0154551],[47.3456995,42.0203991],[47.3610982,42.0200914],[47.3672026,42.0184798],[47.3743316,42.0147139],[47.3796486,42.0071688],[47.3855527,41.9923527],[47.3922594,41.9862645],[47.3977264,41.9847826],[47.3983963,41.9902855],[47.403063,41.9985696],[47.4091478,42.0031493],[47.4332545,42.0117454],[47.4371108,42.0147194],[47.4410341,42.0269833],[47.441744,42.0374749],[47.4396493,42.0430746],[47.433836,42.045119],[47.4193501,42.0447449],[47.4175816,42.0477193],[47.4207857,42.0521371],[47.4315274,42.053257],[47.431619,42.0580737],[47.4308554,42.0643992],[47.4208119,42.0727818],[47.4224793,42.0801731],[47.4150909,42.0889321],[47.4154674,42.0933607],[47.4257767,42.1060523],[47.4245668,42.1314756],[47.4274924,42.1367114],[47.4309241,42.1398808],[47.4512988,42.1444015],[47.4669831,42.1549598],[47.4754453,42.1728586],[47.4715229,42.2229162],[47.4687995,42.2337444],[47.4643508,42.2423649],[47.4644125,42.2504932],[47.4708645,42.2557882],[47.4809008,42.2565731],[47.5073542,42.2420475],[47.5274369,42.2485343]]]}},{"type":"Feature","properties":{"name":"Ахвахский район","sourceName":"Akhvakhsky District","shapeID":"50074027B57104588999630"},"geometry":{"type":"MultiPolygon","coordinates":[[[[46.2066552,42.5718211],[46.2423337,42.5608829],[46.2405722,42.5478447],[46.2476099,42.5427676],[46.2478528,42.5360974],[46.2363882,42.5262203],[46.2458922,42.51306],[46.2622828,42.5064909],[46.2621218,42.4798222],[46.2790488,42.4632433],[46.2879603,42.4403624],[46.30671,42.4401501],[46.324276,42.4371703],[46.3292446,42.4415579],[46.3329671,42.4579059],[46.3865666,42.4725499],[46.3944093,42.4877346],[46.414267,42.5027711],[46.4308456,42.5053435],[46.4348661,42.5169614],[46.4432469,42.5176546],[46.44653,42.517926],[46.4524382,42.5297972],[46.4611136,42.5313538],[46.4613533,42.5416298],[46.4528503,42.547572],[46.4724733,42.5512109],[46.4782127,42.555582],[46.4627206,42.5680045],[46.4630842,42.5835573],[46.4575827,42.5894615],[46.4436201,42.5790815],[46.4406265,42.5796748],[46.437047,42.5874984],[46.4145208,42.5888901],[46.4107997,42.5906028],[46.4078927,42.5950835],[46.407416,42.6073131],[46.3948931,42.6191343],[46.3927606,42.6247164],[46.3973978,42.6302161],[46.3975719,42.6379927],[46.3900362,42.6375287],[46.3824146,42.633176],[46.3786655,42.6337768],[46.3734972,42.6382839],[46.3622727,42.641196],[46.3448842,42.6375122],[46.2997549,42.6385888],[46.2822908,42.6310069],[46.2610923,42.6245748],[46.238625,42.6298205],[46.2339139,42.6198702],[46.234293,42.6009749],[46.223592,42.5921997],[46.2157498,42.5756144],[46.2066552,42.5718211]]],[[[47.0234774,43.3927039],[47.0267679,43.3883667],[47.023795,43.3854007],[47.0312296,43.3881565],[47.0333217,43.383405],[47.0392059,43.3829027],[47.040196,43.3802145],[47.0439507,43.3793999],[47.0460428,43.3804046],[47.0480042,43.3861066],[47.0437265,43.391428],[47.0338354,43.3899159],[47.0359556,43.3948486],[47.0341623,43.3962602],[47.0289039,43.3933894],[47.0234774,43.3927039]]],[[[46.6025029,43.4539306],[46.6063009,43.4515239],[46.6118155,43.4513681],[46.6153639,43.4618143],[46.6205917,43.4698089],[46.6152702,43.4744105],[46.6088973,43.4754927],[46.6067301,43.4737487],[46.6050456,43.4687578],[46.6064296,43.460597],[46.6060112,43.4586501],[46.6031895,43.4576377],[46.6025029,43.4539306]]],[[[46.8677395,43.5266193],[46.8679857,43.5228712],[46.8714011,43.5199819],[46.8794011,43.5187882],[46.8846473,43.5205843],[46.8835858,43.5252584],[46.8759088,43.5291514],[46.8679857,43.5279355],[46.8677395,43.5266193]]]]}},{"type":"Feature","properties":{"name":"Ахтынский район","sourceName":"Akhtynsky District","shapeID":"50074027B3416716682490"},"geometry":{"type":"Polygon","coordinates":[[[47.2652773,41.3707943],[47.2710797,41.3524181],[47.2585266,41.3393678],[47.2679997,41.3328238],[47.2709731,41.3280565],[47.2792628,41.3281977],[47.2900199,41.3245874],[47.2902322,41.3196546],[47.294894,41.3162058],[47.301004,41.3079717],[47.3092154,41.3044583],[47.3236398,41.302087],[47.3282956,41.2960544],[47.3348843,41.2954375],[47.3441202,41.2922593],[47.3475399,41.2877795],[47.3535009,41.2860241],[47.3549259,41.2825716],[47.3621201,41.2802011],[47.3745102,41.2727728],[47.3840127,41.2734584],[47.4003649,41.2688756],[47.4326326,41.2659583],[47.4411877,41.2720514],[47.4535497,41.2742355],[47.4597525,41.2687849],[47.4608634,41.2654216],[47.4672821,41.2618958],[47.4707206,41.257112],[47.4730528,41.257117],[47.4810146,41.2647722],[47.4983595,41.2684393],[47.5062978,41.2612889],[47.5048071,41.2505514],[47.5081495,41.2437737],[47.505486,41.2380912],[47.5010114,41.2342158],[47.5038814,41.227439],[47.5206083,41.2193752],[47.5252669,41.2145334],[47.5316332,41.2120109],[47.536438,41.205874],[47.5453255,41.2055025],[47.556836,41.1985138],[47.5650785,41.1990111],[47.5649829,41.2052239],[47.5674517,41.2105405],[47.5763083,41.2172261],[47.5888681,41.2174815],[47.594361,41.2159958],[47.5966755,41.2187117],[47.6014896,41.2195242],[47.6104388,41.2171797],[47.6110868,41.2250716],[47.6133396,41.226],[47.6204912,41.2371352],[47.6265574,41.2325733],[47.6460652,41.2287989],[47.6521096,41.2229563],[47.6838372,41.2234979],[47.6906568,41.2270035],[47.7011026,41.2257383],[47.7049598,41.2142406],[47.7079952,41.2124172],[47.7099496,41.2185207],[47.7138302,41.2188702],[47.7143089,41.2216829],[47.7235793,41.2319799],[47.7342279,41.2522062],[47.7395261,41.2563088],[47.7742075,41.2682064],[47.7818394,41.268403],[47.7747637,41.2739195],[47.7565655,41.2836467],[47.7724466,41.3003761],[47.7837787,41.3047301],[47.7988539,41.3295458],[47.8060587,41.364406],[47.8118448,41.3734123],[47.8122137,41.3811087],[47.800507,41.391095],[47.8014004,41.408797],[47.8290633,41.4452374],[47.8212102,41.4457108],[47.8442938,41.4620274],[47.8523754,41.4788507],[47.8555791,41.4832485],[47.8395423,41.4939711],[47.8307278,41.4947429],[47.8282623,41.4991736],[47.8136241,41.4956321],[47.8025184,41.5112733],[47.7762399,41.5205445],[47.7552399,41.5327574],[47.7312204,41.5307079],[47.6992414,41.5422568],[47.6844747,41.5420483],[47.6803263,41.5487977],[47.6316924,41.5687708],[47.6155114,41.5702491],[47.5802091,41.5921138],[47.5597908,41.5986687],[47.5737782,41.5789528],[47.5620054,41.5426265],[47.5659615,41.5120468],[47.5553137,41.4851189],[47.5580379,41.460665],[47.5584216,41.4329367],[47.5494147,41.4098521],[47.5280341,41.4092154],[47.5196407,41.401638],[47.508456,41.3980017],[47.4938063,41.3999836],[47.4786726,41.4086268],[47.4651324,41.4205603],[47.4554348,41.4368455],[47.4458443,41.4364955],[47.4332265,41.4339912],[47.4270692,41.4269141],[47.4239189,41.4214365],[47.4241808,41.4086797],[47.407093,41.4046034],[47.391808,41.3893989],[47.3699311,41.3748827],[47.3572879,41.3712617],[47.3307523,41.3701392],[47.3028833,41.3729183],[47.2652773,41.3707943]]]}},{"type":"Feature","properties":{"name":"Бабаюртовский район","sourceName":"Babayurtovsky District","shapeID":"50074027B35779351568121"},"geometry":{"type":"Polygon","coordinates":[[[46.408609,43.5194255],[46.4253785,43.5141248],[46.4473273,43.5224146],[46.4656739,43.5249177],[46.4858528,43.5236788],[46.5001381,43.5295318],[46.5052566,43.5302068],[46.5080127,43.5294727],[46.511327,43.525202],[46.5345443,43.5350667],[46.5493242,43.5391698],[46.5499249,43.53087],[46.5595195,43.5332018],[46.5684495,43.5324032],[46.6089679,43.5369981],[46.5951852,43.5160037],[46.6296166,43.5081233],[46.6428567,43.5034636],[46.6571827,43.5014918],[46.6743034,43.4833305],[46.6905522,43.4720137],[46.696037,43.4716101],[46.713321,43.4813832],[46.7160598,43.479919],[46.717744,43.481917],[46.7296443,43.4828393],[46.7382874,43.4817971],[46.7444418,43.477465],[46.7526748,43.4781042],[46.7617159,43.4736312],[46.7639257,43.4741142],[46.7708745,43.469535],[46.7700758,43.4681438],[46.772259,43.4680858],[46.7759902,43.4596395],[46.7878015,43.4562131],[46.8119517,43.458837],[46.8364497,43.4636752],[46.8496069,43.4776498],[46.8540696,43.4784841],[46.8589396,43.4758674],[46.8817709,43.4745642],[46.8855764,43.4787044],[46.8860735,43.4831638],[46.8903731,43.4849833],[46.9271689,43.4881036],[46.932908,43.4931524],[46.9524753,43.4914149],[46.9562552,43.4878007],[46.9619024,43.4878852],[46.9704157,43.4843658],[46.9750044,43.4765395],[46.9731367,43.4510106],[46.9762387,43.4457926],[46.9867376,43.4448077],[46.9999428,43.4312802],[46.9819534,43.4149257],[46.9844827,43.4106839],[47.0009188,43.4016772],[47.0003671,43.3958265],[47.0098057,43.3878207],[47.0048621,43.3800162],[47.0057608,43.3785115],[47.0095204,43.3791521],[47.0155683,43.3722144],[47.0401002,43.3790192],[47.0553602,43.3762145],[47.0594413,43.3706538],[47.0666482,43.3705214],[47.0760917,43.3715579],[47.0871148,43.3664495],[47.1106767,43.366149],[47.1197328,43.3482858],[47.1481133,43.3498094],[47.1551609,43.3559034],[47.1608751,43.3564574],[47.1551777,43.3478558],[47.1629894,43.3452113],[47.1713511,43.3561804],[47.1782082,43.3460696],[47.1871604,43.3410828],[47.1963032,43.3488398],[47.2060173,43.3525795],[47.2092554,43.3444073],[47.2208743,43.3464851],[47.2319218,43.3304152],[47.2477311,43.3240414],[47.2599214,43.3358185],[47.270207,43.3293067],[47.2863972,43.3324934],[47.2860163,43.3219629],[47.2903972,43.3182214],[47.2831592,43.3035301],[47.29154,43.3036687],[47.305226,43.3171318],[47.3104674,43.3189032],[47.3141772,43.3176446],[47.3154459,43.3154908],[47.3119218,43.3048746],[47.3068471,43.2979243],[47.3094445,43.2943809],[47.3155397,43.2971535],[47.3151588,43.3043618],[47.3200624,43.3070287],[47.3242208,43.3062338],[47.32773,43.3076884],[47.3284497,43.3095418],[47.3248904,43.3135164],[47.3287669,43.3157472],[47.3348988,43.3143113],[47.3366823,43.3039459],[47.3406822,43.3025598],[47.3465869,43.3047776],[47.3536344,43.3100446],[47.3576344,43.3042232],[47.3665866,43.3090744],[47.3755315,43.3103005],[47.371796,43.2973751],[47.367849,43.293066],[47.3692586,43.2894235],[47.3796194,43.2921426],[47.3865971,43.2885514],[47.4056899,43.3034546],[47.4300138,43.2956823],[47.4386831,43.2882949],[47.4410795,43.2754674],[47.4503831,43.2705922],[47.4589818,43.2768529],[47.4701884,43.2742871],[47.4914064,43.2781493],[47.4712843,43.327112],[47.4795129,43.3697649],[47.4916624,43.4651001],[47.5240196,43.5690348],[47.5377973,43.6057074],[47.5501532,43.6594683],[47.5612622,43.6829806],[47.485791,43.6861632],[47.4570953,43.6821123],[47.4297814,43.6511513],[47.4119221,43.6416739],[47.3981627,43.6280457],[47.3738879,43.632392],[47.4011265,43.6535179],[47.3913013,43.6596345],[47.3842293,43.6610103],[47.3904031,43.6660635],[47.3890795,43.6776887],[47.3928849,43.6813467],[47.3934758,43.6890723],[47.3886777,43.6910206],[47.3860778,43.6905079],[47.3832433,43.6928186],[47.3823655,43.6986443],[47.3748257,43.7025915],[47.3743057,43.7043002],[47.373053,43.7047957],[47.3713026,43.7024876],[47.3695077,43.7071194],[47.3705477,43.7105536],[47.3668369,43.7106903],[47.3679714,43.7140388],[47.3695786,43.7125866],[47.3722022,43.7138338],[47.3700626,43.7179561],[47.3198532,43.7550088],[47.3165734,43.7557534],[47.3165591,43.7592307],[47.31065,43.761782],[47.3084305,43.7678711],[47.3047097,43.7698553],[47.284644,43.7709548],[47.2634402,43.7819447],[47.2721966,43.7824417],[47.2730264,43.7840782],[47.2759206,43.784575],[47.2725609,43.7883446],[47.2738562,43.7915296],[47.2637939,43.8009063],[47.2654024,43.8035514],[47.2714416,43.8045223],[47.271688,43.8104729],[47.2635992,43.8086948],[47.2517601,43.8084922],[47.2414747,43.8036638],[47.2318496,43.8056396],[47.2245898,43.8025767],[47.2226949,43.8032912],[47.2257915,43.8073225],[47.2242481,43.8107893],[47.2195579,43.8065447],[47.2124783,43.8068742],[47.2090085,43.8104309],[47.2023185,43.8077396],[47.1957724,43.8096788],[47.1910546,43.8094523],[47.1910698,43.8141269],[47.1864149,43.8160582],[47.1705688,43.8134334],[47.1679537,43.8097077],[47.163124,43.8084303],[47.1389594,43.8153384],[47.1335857,43.8105363],[47.1348914,43.8085194],[47.1400087,43.8074903],[47.1371332,43.8068083],[47.1387251,43.8045855],[47.1362847,43.8019804],[47.1283677,43.8017421],[47.1233754,43.7970268],[47.1167492,43.7974581],[47.1160151,43.7928012],[47.1150841,43.7975636],[47.106422,43.7946127],[47.1015573,43.7951882],[47.0990201,43.7978596],[47.0963359,43.7969447],[47.0746692,43.7988557],[47.0658823,43.8026051],[47.0513691,43.8053337],[47.0491363,43.8083559],[47.0365005,43.8084381],[47.0286006,43.8101473],[47.0272173,43.8112953],[47.0295956,43.8141075],[47.017974,43.8189227],[47.0154294,43.8180488],[47.0164961,43.8153469],[47.0138994,43.8090394],[47.0064831,43.8083498],[47.0023392,43.8063695],[46.9914821,43.8075544],[46.9906376,43.8093666],[46.9899709,43.8081478],[46.9878723,43.8118246],[46.9786903,43.8156718],[46.987715,43.8008905],[46.9451961,43.8013184],[46.9251222,43.8092321],[46.924787,43.8113558],[46.9185171,43.8153926],[46.9106443,43.8122743],[46.9088057,43.8096775],[46.9104892,43.8083],[46.9072927,43.8061922],[46.9043179,43.8065282],[46.9039533,43.8029371],[46.9007896,43.8005982],[46.8898121,43.8013094],[46.8850035,43.7957825],[46.8789709,43.7977827],[46.877414,43.7817948],[46.8810732,43.7735824],[46.8846661,43.7718007],[46.8826385,43.7684041],[46.8779016,43.7676367],[46.8731795,43.7627746],[46.8665441,43.7601166],[46.86505,43.7533727],[46.8613902,43.7554201],[46.8624051,43.7659711],[46.8607621,43.7702004],[46.8544793,43.7742305],[46.8510063,43.7743959],[46.8344508,43.7611416],[46.8264261,43.7599165],[46.81627,43.7624138],[46.8164875,43.7672826],[46.8120728,43.7702507],[46.7946345,43.7706773],[46.7934553,43.7739591],[46.7852593,43.7755323],[46.7773177,43.7749574],[46.7494742,43.7640221],[46.7380301,43.7555202],[46.7242655,43.7500223],[46.7121059,43.7504327],[46.7064564,43.7487546],[46.6969573,43.7502442],[46.6707149,43.7470092],[46.6666922,43.745513],[46.6593926,43.7391059],[46.6528992,43.7391689],[46.6448806,43.7370278],[46.6407841,43.7304466],[46.6368183,43.7294074],[46.6113973,43.7270098],[46.5990377,43.7312163],[46.5887717,43.7325808],[46.5785791,43.7303582],[46.5697133,43.7314913],[46.5566258,43.7376793],[46.5508359,43.736372],[46.5371522,43.728526],[46.5180308,43.7134263],[46.5136163,43.7047305],[46.5027801,43.7001819],[46.4968939,43.6941617],[46.4884658,43.6888104],[46.4823119,43.6873266],[46.4783066,43.6834268],[46.4746961,43.6740917],[46.4657715,43.6710072],[46.4551281,43.6631409],[46.4490359,43.6531087],[46.4464341,43.6421575],[46.4538458,43.6312519],[46.4458889,43.628051],[46.4409738,43.6185516],[46.4265592,43.6160776],[46.4254258,43.6117687],[46.4296437,43.6083586],[46.4297174,43.605073],[46.4265256,43.6010969],[46.4138901,43.5966604],[46.4133097,43.5900195],[46.428537,43.5799693],[46.4307845,43.5748924],[46.4249215,43.5517848],[46.4338235,43.5412999],[46.4332256,43.5362457],[46.4135855,43.5301465],[46.4096297,43.5263377],[46.408609,43.5194255]],[[47.0234774,43.3927039],[47.0289039,43.3933894],[47.0341623,43.3962602],[47.0359556,43.3948486],[47.0338354,43.3899159],[47.0437265,43.391428],[47.0480042,43.3861066],[47.0460428,43.3804046],[47.0439507,43.3793999],[47.040196,43.3802145],[47.0392059,43.3829027],[47.0333217,43.383405],[47.0312296,43.3881565],[47.023795,43.3854007],[47.0267679,43.3883667],[47.0234774,43.3927039]],[[46.4611773,43.5647657],[46.4621053,43.5678273],[46.4719545,43.5696238],[46.4791256,43.5809163],[46.4900051,43.5778696],[46.4910911,43.5744795],[46.486372,43.5714897],[46.4766969,43.5704454],[46.4792243,43.56385],[46.47336,43.5580695],[46.4644747,43.5586991],[46.4611773,43.5647657]],[[47.0131953,43.4797312],[47.0145403,43.4859388],[47.0186872,43.4840278],[47.0293348,43.4846512],[47.0293722,43.4799887],[47.0269251,43.4817643],[47.0235814,43.4785926],[47.0131953,43.4797312]],[[47.0389781,43.5369423],[47.0407628,43.538526],[47.0472397,43.5389387],[47.0482243,43.5351021],[47.0523167,43.5321353],[47.0503936,43.5310534],[47.0452705,43.532113],[47.0389781,43.5369423]],[[47.0380187,43.4860372],[47.0423338,43.491404],[47.0515991,43.4921494],[47.0555032,43.4898591],[47.0546439,43.4871079],[47.0610138,43.4868504],[47.0613127,43.4853867],[47.0591645,43.4826488],[47.0563251,43.483313],[47.0528693,43.4780403],[47.0503849,43.477959],[47.0417921,43.4804531],[47.0409702,43.4840584],[47.0380187,43.4860372]],[[47.1430066,43.5434045],[47.1472096,43.5475477],[47.1536355,43.5465999],[47.1551486,43.543892],[47.1450987,43.5424838],[47.1430066,43.5434045]],[[47.1763203,43.3914487],[47.1839971,43.3910403],[47.1883951,43.3939431],[47.2001871,43.3911938],[47.1902711,43.3858279],[47.1833249,43.3841317],[47.1769024,43.3881706],[47.1763203,43.3914487]],[[46.6723051,43.486543],[46.6786673,43.4924508],[46.6828515,43.491906],[46.6845681,43.4852975],[46.6786243,43.4804632],[46.6723051,43.486543]],[[46.6932972,43.5261778],[46.695357,43.5294265],[46.698514,43.529642],[46.6982804,43.5240479],[46.6932972,43.5261778]],[[47.1441206,43.6018958],[47.1462128,43.6032214],[47.1504158,43.602518],[47.1532738,43.5989062],[47.1490148,43.5910055],[47.1466237,43.5925613],[47.1486598,43.5979187],[47.1441206,43.6018958]],[[46.7554583,43.6267051],[46.7555735,43.6290961],[46.7591841,43.6300963],[46.7609989,43.6327345],[46.7636205,43.6311952],[46.7663284,43.6325435],[46.7711489,43.6313342],[46.7691131,43.628415],[46.7574748,43.6245642],[46.7554583,43.6267051]],[[46.9949742,43.4859108],[46.9966825,43.4925436],[47.0013486,43.4937714],[47.0053503,43.4898928],[47.005635,43.4854517],[46.9972994,43.483363],[46.9949742,43.4859108]],[[46.6730094,43.5530162],[46.6747718,43.5551889],[46.682948,43.5557551],[46.6913603,43.5529109],[46.6917055,43.5500929],[46.6903065,43.5481571],[46.6858369,43.5481044],[46.6730094,43.5530162]],[[46.8677395,43.5266193],[46.8679857,43.5279355],[46.8759088,43.5291514],[46.8835858,43.5252584],[46.8846473,43.5205843],[46.8794011,43.5187882],[46.8714011,43.5199819],[46.8679857,43.5228712],[46.8677395,43.5266193]],[[46.8570978,43.6087006],[46.8639483,43.6086522],[46.8731012,43.6115732],[46.8768563,43.6112004],[46.8773713,43.6066481],[46.8745388,43.6034784],[46.8646039,43.6013963],[46.8570978,43.6087006]],[[47.2312242,43.5394213],[47.234281,43.5429622],[47.2391598,43.5429926],[47.2411856,43.5413981],[47.2380569,43.5367101],[47.2347005,43.5366449],[47.2312242,43.5394213]],[[47.08957,43.5089205],[47.0902986,43.5109933],[47.0939038,43.5106817],[47.0990968,43.5080399],[47.1007594,43.5043682],[47.092783,43.505696],[47.08957,43.5089205]],[[47.2818512,43.5755513],[47.2865014,43.5763763],[47.2887791,43.5735001],[47.2828002,43.5737407],[47.2818512,43.5755513]],[[47.243834,43.4520273],[47.2440238,43.4543008],[47.2468393,43.4546912],[47.2610747,43.449593],[47.2604104,43.4481576],[47.2568199,43.4477212],[47.243834,43.4520273]],[[47.1662227,43.5897204],[47.1686992,43.5949474],[47.1760858,43.5955087],[47.1748679,43.5885092],[47.1666746,43.5883717],[47.1662227,43.5897204]],[[47.12743,43.5239879],[47.1294101,43.5266019],[47.1342669,43.5260331],[47.136359,43.5223625],[47.1307737,43.5217259],[47.12743,43.5239879]]]}},{"type":"Feature","properties":{"name":"Ботлихский район","sourceName":"Botlikhsky District","shapeID":"50074027B39288934834048"},"geometry":{"type":"Polygon","coordinates":[[[46.4436201,42.5790815],[46.4457395,42.6057246],[46.4552282,42.6256067],[46.4531267,42.6323008],[46.4493784,42.6329039],[46.4618695,42.6521917],[46.4822258,42.6535969],[46.4958504,42.6567535],[46.5004433,42.6638702],[46.511681,42.6678618],[46.5132196,42.6696225],[46.5054559,42.676492],[46.4902814,42.675717],[46.4995188,42.6846623],[46.4823318,42.6888628],[46.4538807,42.6841371],[46.4035219,42.6864837],[46.3805934,42.6890268],[46.3935225,42.7113358],[46.3849313,42.7174177],[46.384028,42.7639725],[46.3609859,42.7903806],[46.3381463,42.8086079],[46.3294554,42.8201482],[46.3279771,42.8300154],[46.3584044,42.831912],[46.3680797,42.8409702],[46.3692728,42.8499775],[46.3740357,42.8542449],[46.3709622,42.8642969],[46.3561791,42.8753335],[46.3371538,42.8943966],[46.3243301,42.8972202],[46.3191757,42.9038134],[46.3086888,42.9120962],[46.304394,42.9074403],[46.311991,42.8839492],[46.305669,42.8748734],[46.3021173,42.8658767],[46.2972006,42.8760938],[46.2843575,42.8815392],[46.2793406,42.8862606],[46.2721165,42.884187],[46.2663384,42.8790491],[46.2580443,42.8664737],[46.2397499,42.8618449],[46.2352013,42.8626608],[46.2267061,42.8672092],[46.2125423,42.8901452],[46.194256,42.8902832],[46.1833108,42.887829],[46.1889692,42.8817403],[46.1896682,42.8775686],[46.1821702,42.8733527],[46.1655696,42.8561526],[46.1640714,42.8512538],[46.1597848,42.8506246],[46.129484,42.823885],[46.1204325,42.8125466],[46.1147686,42.8015228],[46.1369252,42.7963929],[46.1516406,42.7850576],[46.1563714,42.7757844],[46.1675622,42.7774683],[46.1623929,42.7722934],[46.1657351,42.76238],[46.1652719,42.7566944],[46.1689362,42.7548141],[46.1651049,42.7531325],[46.1630982,42.749922],[46.1793651,42.7425826],[46.1756194,42.7341544],[46.1718736,42.7316125],[46.1565098,42.7308078],[46.1460702,42.7253315],[46.1392188,42.7236337],[46.1144361,42.7198716],[46.1120537,42.7201733],[46.1065774,42.7260014],[46.1001547,42.7256399],[46.0980143,42.7229977],[46.097704,42.7139723],[46.0947154,42.7122754],[46.0903721,42.7151668],[46.0772515,42.7185218],[46.0760058,42.7143241],[46.0832319,42.7027968],[46.0859708,42.6939529],[46.0836222,42.6869166],[46.0773346,42.6811603],[46.0421282,42.6824952],[46.0204558,42.6780133],[46.015303,42.6750381],[46.021993,42.6220972],[46.0190713,42.6144736],[46.0621403,42.6054785],[46.1298018,42.6037199],[46.1418844,42.6063783],[46.156637,42.5906727],[46.2066552,42.5718211],[46.2157498,42.5756144],[46.223592,42.5921997],[46.234293,42.6009749],[46.2339139,42.6198702],[46.238625,42.6298205],[46.2610923,42.6245748],[46.2822908,42.6310069],[46.2997549,42.6385888],[46.3448842,42.6375122],[46.3622727,42.641196],[46.3734972,42.6382839],[46.3786655,42.6337768],[46.3824146,42.633176],[46.3900362,42.6375287],[46.3975719,42.6379927],[46.3973978,42.6302161],[46.3927606,42.6247164],[46.3948931,42.6191343],[46.407416,42.6073131],[46.4078927,42.5950835],[46.4107997,42.5906028],[46.4145208,42.5888901],[46.437047,42.5874984],[46.4406265,42.5796748],[46.4436201,42.5790815]]]}},{"type":"Feature","properties":{"name":"Буйнакск","sourceName":"городской округ Буйнакск","shapeID":"50074027B37686910938427"},"geometry":{"type":"Polygon","coordinates":[[[47.0702807,42.8358953],[47.0758256,42.8211923],[47.082771,42.8209639],[47.0884829,42.8142206],[47.0934175,42.8170821],[47.0998261,42.8158789],[47.1007981,42.8131571],[47.1057501,42.8112551],[47.1055628,42.8075357],[47.1022832,42.807585],[47.0943555,42.8015014],[47.0947884,42.7959387],[47.0892637,42.7974503],[47.0873294,42.7962176],[47.0911301,42.795087],[47.0920572,42.7927711],[47.1001715,42.7900862],[47.1023787,42.792825],[47.106024,42.7917207],[47.1007506,42.7872937],[47.0973915,42.7874586],[47.097802,42.7859271],[47.095992,42.7855282],[47.0975309,42.784982],[47.0987549,42.7862092],[47.0994439,42.7847366],[47.0967549,42.7837008],[47.097718,42.7823263],[47.1030634,42.7830056],[47.1070455,42.7879767],[47.1138855,42.792293],[47.1114524,42.7976013],[47.113248,42.7995485],[47.1159071,42.7991944],[47.1147026,42.8024345],[47.1211666,42.8047246],[47.1246438,42.802635],[47.1288311,42.8024167],[47.1341868,42.8049722],[47.1362276,42.8099635],[47.1424498,42.8097626],[47.1368558,42.8197514],[47.1409794,42.8211386],[47.1435085,42.8204292],[47.1449981,42.8300372],[47.1400755,42.8285084],[47.1400007,42.8327541],[47.1347772,42.8367194],[47.1321306,42.8368405],[47.1312234,42.8350682],[47.1290822,42.8362877],[47.1230702,42.8355898],[47.1216735,42.834302],[47.1145538,42.8373188],[47.1136041,42.8390261],[47.1164934,42.8401068],[47.1125671,42.8468214],[47.1205133,42.8501432],[47.1186974,42.8517839],[47.1111568,42.8542189],[47.1053126,42.8533634],[47.0952362,42.845446],[47.0862777,42.8468472],[47.0774059,42.8394708],[47.0702807,42.8358953]]]}},{"type":"Feature","properties":{"name":"Буйнакский район","sourceName":"Buynaksky District","shapeID":"50074027B63833693822647"},"geometry":{"type":"Polygon","coordinates":[[[47.1313297,42.6025861],[47.1410499,42.5954962],[47.1571525,42.5879526],[47.1722466,42.585674],[47.1986739,42.5852501],[47.2174627,42.590136],[47.2614761,42.5791832],[47.2762028,42.5830162],[47.296905,42.5785768],[47.3082635,42.5725486],[47.3349903,42.574747],[47.3450266,42.5771638],[47.3523608,42.5807629],[47.3531243,42.5842767],[47.3574001,42.5881837],[47.3618287,42.5897296],[47.3629618,42.5925769],[47.3721452,42.6062588],[47.3746267,42.6049382],[47.3766827,42.6055407],[47.379437,42.6098273],[47.3814222,42.6142104],[47.3785884,42.6229264],[47.3741558,42.6219238],[47.3719161,42.6193517],[47.3722979,42.615868],[47.3764974,42.6130304],[47.3691292,42.607158],[47.368442,42.60831],[47.3722215,42.6114851],[47.3700073,42.6154185],[47.3669531,42.6167108],[47.3635172,42.6128899],[47.3623337,42.6133113],[47.3642044,42.6154466],[47.362181,42.6167389],[47.3601002,42.614378],[47.3589741,42.6157275],[47.3560345,42.6144352],[47.3549274,42.6166827],[47.3484944,42.6193909],[47.3394276,42.621262],[47.324323,42.6359348],[47.3215099,42.6338285],[47.3033828,42.6367033],[47.3053469,42.6414847],[47.2901554,42.6471508],[47.2849491,42.6451359],[47.2825605,42.6420824],[47.2751376,42.6424961],[47.2602868,42.6474385],[47.2532902,42.6476311],[47.2605217,42.6778513],[47.2651333,42.6822132],[47.2640081,42.6876487],[47.2678328,42.6893172],[47.2660511,42.6931269],[47.2689666,42.6971744],[47.2805205,42.70142],[47.2851097,42.7056653],[47.294774,42.7095533],[47.2980134,42.7170509],[47.3001052,42.7179405],[47.2995791,42.7188756],[47.2952599,42.7186376],[47.2925719,42.7167275],[47.2915885,42.7176261],[47.2965556,42.7226041],[47.2940181,42.730809],[47.2881035,42.7395641],[47.3134868,42.7624365],[47.3168249,42.7729733],[47.2930053,42.7978348],[47.3052567,42.8124867],[47.3098127,42.8156055],[47.3089835,42.8194171],[47.3140228,42.8290493],[47.3210474,42.8307852],[47.3219158,42.8348328],[47.3489929,42.8354326],[47.3786692,42.8303632],[47.381825,42.832409],[47.4041204,42.8300573],[47.4084364,42.8272049],[47.4098469,42.8320731],[47.4175074,42.833793],[47.4348146,42.8306172],[47.4577997,42.8308385],[47.5131656,42.8204567],[47.5188596,42.8161353],[47.5441644,42.8479709],[47.532373,42.8693273],[47.5362467,42.8725927],[47.5307504,42.8805379],[47.5227429,42.8827688],[47.5144415,42.8916328],[47.5079388,42.8890032],[47.4968618,42.8977681],[47.4922214,42.8988568],[47.4867122,42.8993284],[47.4821954,42.896271],[47.4785408,42.8910451],[47.4779171,42.8776778],[47.4742139,42.8792489],[47.4692547,42.8733827],[47.4724311,42.871482],[47.4792711,42.860918],[47.4845235,42.8493753],[47.475723,42.839815],[47.4677412,42.844969],[47.4542831,42.8598853],[47.4512581,42.8605689],[47.4450357,42.8573503],[47.4331282,42.8559157],[47.426568,42.8581383],[47.4216963,42.873732],[47.4170806,42.8673406],[47.414196,42.8754255],[47.42727,42.8764856],[47.4254844,42.8814366],[47.4271744,42.8837603],[47.4390888,42.8891428],[47.4538612,42.8804789],[47.4618897,42.8893672],[47.4751539,42.8946754],[47.4457907,42.9048243],[47.4390233,42.9036358],[47.3923546,42.9264319],[47.3597471,42.9367595],[47.3499629,42.9481513],[47.3035801,42.9584974],[47.2735037,42.961377],[47.2697052,42.9645754],[47.2100486,42.9662827],[47.19687,42.9644404],[47.1918384,42.9620199],[47.1960613,42.9468994],[47.1920815,42.9409098],[47.1819556,42.9416349],[47.1760258,42.9047717],[47.1602729,42.9103649],[47.1562006,42.9183451],[47.1738108,42.9574251],[47.1724901,42.9601638],[47.1604929,42.9685137],[47.1592824,42.9710368],[47.1643453,42.9712784],[47.1667667,42.969104],[47.1819208,42.9704551],[47.1844684,42.9745157],[47.1806705,42.9808151],[47.1506753,42.994798],[47.1329887,43.0110327],[47.1310428,43.022573],[47.1201856,43.0474849],[47.1042833,43.0563684],[47.0951579,43.0473046],[47.1043134,43.0402571],[47.0937386,43.0307818],[47.09102,43.0225946],[47.0913014,43.0165014],[47.095668,43.0013804],[47.1128423,42.989963],[47.1123501,42.9613221],[47.1144436,42.9512559],[47.1099853,42.9491894],[47.0976581,42.9594434],[47.0840139,42.9596925],[47.0692991,42.9570943],[47.0693443,42.9558477],[47.0585806,42.9719706],[47.0271781,42.9798103],[47.0256297,43.003283],[47.0342615,43.003562],[47.0320118,43.0093319],[47.0055078,43.0239286],[47.0029707,43.031689],[47.0129569,43.0407646],[47.0253209,43.0413978],[47.0375648,43.0552881],[47.0211228,43.0621196],[47.0102959,43.071934],[47.0044157,43.0816116],[47.0041265,43.0864275],[46.9980889,43.0942229],[46.979209,43.1035065],[46.981081,43.1051469],[46.9864774,43.1044948],[46.9905435,43.1075529],[46.9836463,43.1065327],[46.9635494,43.1081086],[46.9622096,43.1125644],[46.9556012,43.1131157],[46.9358604,43.105441],[46.9197076,43.1108691],[46.9150627,43.1174611],[46.8958522,43.1134052],[46.8816658,43.1151745],[46.8730653,43.1172408],[46.8534684,43.129296],[46.8425177,43.1296507],[46.8425829,43.1250701],[46.8333187,43.1189844],[46.8435952,43.0964594],[46.8378651,43.0892187],[46.8442931,43.0835024],[46.8869228,43.0731666],[46.8800487,43.0292497],[46.8710041,43.0256247],[46.8406374,43.004508],[46.838785,42.9965151],[46.8578776,42.9835201],[46.8674902,42.9816429],[46.8549346,42.9728836],[46.8391171,42.9714143],[46.8264291,42.9747667],[46.7995582,42.9700487],[46.7879663,42.9809513],[46.7720488,42.9697119],[46.7757264,42.9842245],[46.7709045,42.9878248],[46.762454,42.9781637],[46.7621265,42.9689372],[46.7479582,42.9595467],[46.7326665,42.9591638],[46.7361369,42.9537493],[46.7218909,42.9444495],[46.7238043,42.9408896],[46.7153435,42.935384],[46.676624,42.9234984],[46.6709592,42.9199018],[46.6496713,42.916142],[46.6352089,42.8907967],[46.6348594,42.8848389],[46.669732,42.8767065],[46.6841831,42.8686605],[46.7007591,42.8657726],[46.7170278,42.8663382],[46.7548247,42.853208],[46.771088,42.8500452],[46.8183826,42.8587223],[46.8695962,42.8895729],[46.8752799,42.8900698],[46.8923782,42.9123552],[46.9004624,42.914487],[46.8915066,42.8972059],[46.8858552,42.8802291],[46.8998749,42.8811881],[46.9024659,42.858577],[46.8407089,42.7985849],[46.840341,42.7861257],[46.862108,42.7739492],[46.9071938,42.7444443],[46.9493884,42.7069802],[46.967883,42.7025099],[46.9965952,42.6924261],[47.0286083,42.6909066],[47.035429,42.6741658],[47.0456305,42.6682315],[47.0549016,42.6603952],[47.0631365,42.6474629],[47.0686667,42.6444869],[47.0970523,42.6409237],[47.1054405,42.638598],[47.1047421,42.6204875],[47.1205606,42.6224625],[47.1424218,42.60921],[47.1313297,42.6025861]],[[47.0702807,42.8358953],[47.0774059,42.8394708],[47.0862777,42.8468472],[47.0952362,42.845446],[47.1053126,42.8533634],[47.1111568,42.8542189],[47.1186974,42.8517839],[47.1205133,42.8501432],[47.1125671,42.8468214],[47.1164934,42.8401068],[47.1136041,42.8390261],[47.1145538,42.8373188],[47.1216735,42.834302],[47.1230702,42.8355898],[47.1290822,42.8362877],[47.1312234,42.8350682],[47.1321306,42.8368405],[47.1347772,42.8367194],[47.1400007,42.8327541],[47.1400755,42.8285084],[47.1449981,42.8300372],[47.1435085,42.8204292],[47.1409794,42.8211386],[47.1368558,42.8197514],[47.1424498,42.8097626],[47.1362276,42.8099635],[47.1341868,42.8049722],[47.1288311,42.8024167],[47.1246438,42.802635],[47.1211666,42.8047246],[47.1147026,42.8024345],[47.1159071,42.7991944],[47.113248,42.7995485],[47.1114524,42.7976013],[47.1138855,42.792293],[47.1070455,42.7879767],[47.1030634,42.7830056],[47.097718,42.7823263],[47.0967549,42.7837008],[47.0994439,42.7847366],[47.0987549,42.7862092],[47.0975309,42.784982],[47.095992,42.7855282],[47.097802,42.7859271],[47.0973915,42.7874586],[47.1007506,42.7872937],[47.106024,42.7917207],[47.1023787,42.792825],[47.1001715,42.7900862],[47.0920572,42.7927711],[47.0911301,42.795087],[47.0873294,42.7962176],[47.0892637,42.7974503],[47.0947884,42.7959387],[47.0943555,42.8015014],[47.1022832,42.807585],[47.1055628,42.8075357],[47.1057501,42.8112551],[47.1007981,42.8131571],[47.0998261,42.8158789],[47.0934175,42.8170821],[47.0884829,42.8142206],[47.082771,42.8209639],[47.0758256,42.8211923],[47.0702807,42.8358953]]]}},{"type":"Feature","properties":{"name":"Гергебильский район","sourceName":"Gergebilsky District","shapeID":"50074027B72951354106577"},"geometry":{"type":"Polygon","coordinates":[[[46.8478134,42.6170485],[46.8323386,42.6146164],[46.8500681,42.5955627],[46.8517452,42.5880096],[46.8373727,42.5846362],[46.8542494,42.575793],[46.8679274,42.5663766],[46.8619389,42.5452652],[46.8736814,42.535906],[46.8912189,42.5320063],[46.9069316,42.5175777],[46.8898371,42.4930198],[46.8882783,42.4896208],[46.8895017,42.4878658],[46.9026164,42.4800027],[46.9150524,42.4693993],[46.9163049,42.4576542],[46.9207685,42.4555199],[46.9212152,42.4452961],[46.9234442,42.4425663],[46.984242,42.4289987],[46.9939044,42.4347165],[47.0191735,42.4449924],[47.035982,42.4400779],[47.0422727,42.4303245],[47.0544262,42.4269114],[47.0666857,42.4253799],[47.0667004,42.4359153],[47.0551129,42.4555644],[47.0677782,42.4642264],[47.0895791,42.4541076],[47.0996092,42.4511461],[47.1096363,42.4592962],[47.1277547,42.4514603],[47.1364528,42.4535209],[47.1344769,42.4616142],[47.1509287,42.4818642],[47.169779,42.4734523],[47.1844468,42.4959536],[47.1967975,42.494884],[47.1945114,42.504651],[47.1445325,42.5253217],[47.1552137,42.5301217],[47.149446,42.5371752],[47.1500501,42.5438311],[47.1649226,42.5502183],[47.1583466,42.5735142],[47.1401491,42.5677125],[47.1198334,42.5652943],[47.1082477,42.5763456],[47.1039768,42.5873683],[47.0832541,42.5908581],[47.0853526,42.5829417],[47.080353,42.5752904],[47.0749172,42.5741883],[47.0657103,42.5852057],[47.0426941,42.5956171],[47.0223854,42.6016587],[47.0187437,42.5922809],[47.0149461,42.5901846],[47.0058151,42.5935439],[46.9823554,42.588426],[46.9636433,42.593468],[46.9631821,42.5784812],[46.9587449,42.5719701],[46.9603316,42.5653537],[46.9249131,42.5751496],[46.8478134,42.6170485]]]}},{"type":"Feature","properties":{"name":"Гумбетовский район","sourceName":"Gumbetovsky District","shapeID":"50074027B65812733420621"},"geometry":{"type":"MultiPolygon","coordinates":[[[[46.8858552,42.8802291],[46.8915066,42.8972059],[46.9004624,42.914487],[46.8923782,42.9123552],[46.8752799,42.8900698],[46.8695962,42.8895729],[46.8183826,42.8587223],[46.771088,42.8500452],[46.7548247,42.853208],[46.7170278,42.8663382],[46.7173602,42.8442696],[46.7030471,42.8451609],[46.6915712,42.8478006],[46.6734428,42.8473002],[46.6757055,42.8404567],[46.6719752,42.8394305],[46.6619533,42.8444824],[46.65315,42.8428683],[46.6418081,42.8627766],[46.612518,42.8740626],[46.6220326,42.8764945],[46.6278851,42.8851983],[46.6100428,42.8835237],[46.5912332,42.8959548],[46.5887064,42.9060928],[46.5978653,42.9178628],[46.5981462,42.9219118],[46.5880664,42.9276525],[46.5869219,42.9344738],[46.571156,42.9340165],[46.5547684,42.9275683],[46.5375076,42.9290583],[46.5338588,42.9234564],[46.5290519,42.9198768],[46.5282302,42.9166422],[46.5244905,42.915226],[46.5045701,42.9159467],[46.4904473,42.9116951],[46.4654038,42.8972422],[46.4563425,42.8945723],[46.4522204,42.890916],[46.4373454,42.8856303],[46.4375495,42.8787773],[46.4352306,42.87692],[46.4256853,42.877892],[46.4351856,42.8657527],[46.4387312,42.866078],[46.4294799,42.858074],[46.3975133,42.8549083],[46.3680797,42.8409702],[46.3584044,42.831912],[46.3279771,42.8300154],[46.3294554,42.8201482],[46.3381463,42.8086079],[46.3609859,42.7903806],[46.384028,42.7639725],[46.3849313,42.7174177],[46.3935225,42.7113358],[46.3805934,42.6890268],[46.4035219,42.6864837],[46.4538807,42.6841371],[46.4823318,42.6888628],[46.4995188,42.6846623],[46.4902814,42.675717],[46.5054559,42.676492],[46.5132196,42.6696225],[46.511681,42.6678618],[46.5145862,42.6654969],[46.5215439,42.6704673],[46.5276666,42.6655904],[46.5502557,42.6943309],[46.5708386,42.6808],[46.5698984,42.6726757],[46.5769552,42.6689089],[46.5824814,42.6700324],[46.6057411,42.6573277],[46.6216673,42.6679342],[46.6411202,42.6665932],[46.642326,42.6569171],[46.6655332,42.6515001],[46.6673863,42.6603551],[46.6621242,42.6620417],[46.6637936,42.6644995],[46.6605706,42.6800417],[46.6631252,42.6911168],[46.6742728,42.7110649],[46.668686,42.7159913],[46.6472653,42.7241776],[46.6534762,42.7277351],[46.6194318,42.7322054],[46.6442733,42.7388274],[46.6484662,42.7359337],[46.6581721,42.7437028],[46.6702472,42.7492298],[46.6666739,42.7633345],[46.6774633,42.7659237],[46.680158,42.7820464],[46.7211268,42.7817057],[46.7530499,42.7778085],[46.7735449,42.7813778],[46.7878221,42.7814763],[46.7952322,42.7892666],[46.7974541,42.8046518],[46.8086333,42.8137185],[46.8218979,42.8148216],[46.8520285,42.8382285],[46.8673287,42.8552324],[46.8637814,42.8599085],[46.8739384,42.8596306],[46.8853615,42.8667884],[46.8763842,42.8724845],[46.8858552,42.8802291]]],[[[47.0389781,43.5369423],[47.0452705,43.532113],[47.0503936,43.5310534],[47.0523167,43.5321353],[47.0482243,43.5351021],[47.0472397,43.5389387],[47.0407628,43.538526],[47.0389781,43.5369423]]],[[[46.6723051,43.486543],[46.6786243,43.4804632],[46.6845681,43.4852975],[46.6828515,43.491906],[46.6786673,43.4924508],[46.6723051,43.486543]]],[[[46.6932972,43.5261778],[46.6982804,43.5240479],[46.698514,43.529642],[46.695357,43.5294265],[46.6932972,43.5261778]]],[[[46.7554583,43.6267051],[46.7574748,43.6245642],[46.7691131,43.628415],[46.7711489,43.6313342],[46.7663284,43.6325435],[46.7636205,43.6311952],[46.7609989,43.6327345],[46.7591841,43.6300963],[46.7555735,43.6290961],[46.7554583,43.6267051]]],[[[46.6730094,43.5530162],[46.6858369,43.5481044],[46.6903065,43.5481571],[46.6917055,43.5500929],[46.6913603,43.5529109],[46.682948,43.5557551],[46.6747718,43.5551889],[46.6730094,43.5530162]]],[[[46.8570978,43.6087006],[46.8646039,43.6013963],[46.8745388,43.6034784],[46.8773713,43.6066481],[46.8768563,43.6112004],[46.8731012,43.6115732],[46.8639483,43.6086522],[46.8570978,43.6087006]]]]}},{"type":"Feature","properties":{"name":"Гунибский район","sourceName":"Gunibsky District","shapeID":"50074027B29221202458852"},"geometry":{"type":"Polygon","coordinates":[[[46.9353583,42.1676475],[46.9403074,42.1749164],[46.9490651,42.1802024],[46.9634419,42.1833853],[47.0015932,42.2030613],[47.0018172,42.2056203],[46.9978199,42.2071809],[46.9864628,42.2041836],[46.9701366,42.2022877],[46.9677978,42.2021446],[46.9673042,42.2038136],[46.9995265,42.2345533],[47.0205368,42.2351553],[47.0346521,42.233578],[47.0443605,42.2296286],[47.0511417,42.2144669],[47.0579516,42.2112266],[47.06445,42.2127081],[47.0697429,42.2167685],[47.0739666,42.227561],[47.0736518,42.2310831],[47.0692049,42.2397946],[47.0633522,42.2450149],[47.0609908,42.2517704],[47.0671887,42.2570933],[47.0803631,42.2520599],[47.0886285,42.2547867],[47.0896364,42.2592437],[47.0875809,42.2621582],[47.077846,42.2671301],[47.0696839,42.2675974],[47.0706907,42.2720546],[47.0807211,42.2760287],[47.0803961,42.2792313],[47.0744674,42.2822158],[47.0686637,42.2890337],[47.0700592,42.2922052],[47.0748345,42.2933976],[47.0790956,42.2920417],[47.0911439,42.2918225],[47.0959302,42.2933335],[47.0981878,42.2964889],[47.0978954,42.3006499],[47.0937295,42.3048818],[47.0905508,42.3129315],[47.0899649,42.3212535],[47.0940479,42.335477],[47.0862426,42.3388134],[47.0977401,42.3661242],[47.0947862,42.3674284],[47.1147029,42.3928546],[47.0666857,42.4253799],[47.0544262,42.4269114],[47.0422727,42.4303245],[47.035982,42.4400779],[47.0191735,42.4449924],[46.9939044,42.4347165],[46.984242,42.4289987],[46.9234442,42.4425663],[46.9212152,42.4452961],[46.9207685,42.4555199],[46.9163049,42.4576542],[46.9150524,42.4693993],[46.9026164,42.4800027],[46.8895017,42.4878658],[46.862447,42.4738599],[46.8510632,42.4695994],[46.8443038,42.4694306],[46.8344121,42.4776459],[46.8262483,42.4808323],[46.7962445,42.4815844],[46.7871223,42.4775598],[46.7526874,42.4808699],[46.7491717,42.475923],[46.7490093,42.4700914],[46.7530423,42.466696],[46.7527866,42.4575321],[46.7696701,42.4575504],[46.7763261,42.4541137],[46.7760655,42.4316148],[46.7414378,42.4135327],[46.7387815,42.3852358],[46.7510657,42.3822706],[46.7550158,42.3760983],[46.7383823,42.3571824],[46.7401844,42.3410416],[46.7897289,42.3186089],[46.8091385,42.3166373],[46.8089317,42.3094173],[46.8337124,42.3120796],[46.8206455,42.2872842],[46.8558003,42.2867205],[46.8612301,42.2805204],[46.8444686,42.2702342],[46.894244,42.2585876],[46.8836883,42.2432036],[46.8827613,42.2246049],[46.8866477,42.2170398],[46.9087435,42.2061169],[46.9197128,42.1981548],[46.9288058,42.1777212],[46.9353583,42.1676475]]]}},{"type":"Feature","properties":{"name":"Дагестанские Огни","sourceName":"Dagestanskiye Ogni","shapeID":"50074027B4381001352303"},"geometry":{"type":"Polygon","coordinates":[[[48.1649841,42.1251317],[48.157351,42.1131232],[48.1716677,42.1012908],[48.1663562,42.0960391],[48.1701002,42.091228],[48.1769369,42.08942],[48.1824925,42.0899777],[48.193251,42.0653542],[48.2051202,42.0677284],[48.2066789,42.0893059],[48.2107382,42.0995266],[48.2066667,42.0999871],[48.2078784,42.1045045],[48.2199734,42.1174982],[48.2141538,42.1191947],[48.2316105,42.127746],[48.2370603,42.1348403],[48.24076896073633,42.13628486352618],[48.2302106,42.1486541],[48.218588546294,42.168666209602286],[48.2122071,42.167053],[48.1945942,42.1695977],[48.1688663,42.1330101],[48.1692178,42.129677],[48.1649841,42.1251317]]]}},{"type":"Feature","properties":{"name":"Дахадаевский район","sourceName":"Dakhadayevsky District","shapeID":"50074027B90616463545853"},"geometry":{"type":"Polygon","coordinates":[[[47.6553441,41.9578952],[47.6501172,41.9748855],[47.637154,41.9809556],[47.6350543,41.9904934],[47.6304786,41.9922751],[47.6298012,41.9954701],[47.6468866,41.999233],[47.6468853,42.0081763],[47.6560956,42.0148895],[47.6563519,42.0224687],[47.6495989,42.0232275],[47.646255,42.0343876],[47.6593818,42.0320318],[47.6669833,42.0346553],[47.6692953,42.0395913],[47.6568928,42.0402317],[47.6555713,42.0455915],[47.6680818,42.0427199],[47.6611941,42.0474931],[47.6618466,42.0548587],[47.6707559,42.0597954],[47.6715066,42.0656798],[47.6652782,42.0688397],[47.6670787,42.0759109],[47.6729289,42.0782215],[47.6745469,42.0836688],[47.6688582,42.095254],[47.6815436,42.0952596],[47.6872308,42.0901444],[47.6995962,42.0860927],[47.7144515,42.0921491],[47.7218895,42.0920925],[47.7341679,42.1014668],[47.7531294,42.1039123],[47.7725594,42.1011153],[47.7733021,42.1024717],[47.7728624,42.1177119],[47.7758808,42.1216728],[47.7311594,42.1373893],[47.731489,42.1450533],[47.7385611,42.1496795],[47.7480705,42.1609597],[47.7473641,42.1644929],[47.7426288,42.1642866],[47.7382126,42.1615152],[47.7317744,42.1616688],[47.7271766,42.1646552],[47.7262319,42.1726692],[47.7323382,42.1747615],[47.7315179,42.1856494],[47.7247714,42.1886869],[47.7131035,42.1972748],[47.70808,42.2104996],[47.7020454,42.2202318],[47.704023,42.2262587],[47.6886451,42.2272694],[47.6844336,42.2345683],[47.6638244,42.2360092],[47.6458194,42.2225057],[47.6323501,42.2247359],[47.623545,42.2148574],[47.61893,42.2125629],[47.606166,42.2162139],[47.6061326,42.2310952],[47.5993494,42.2389295],[47.5865985,42.2430581],[47.5762325,42.2423315],[47.5695835,42.2376806],[47.5677675,42.2247608],[47.5630373,42.2195864],[47.5559981,42.2211836],[47.5523394,42.2265454],[47.5274369,42.2485343],[47.5073542,42.2420475],[47.4809008,42.2565731],[47.4708645,42.2557882],[47.4644125,42.2504932],[47.4643508,42.2423649],[47.4687995,42.2337444],[47.4715229,42.2229162],[47.4754453,42.1728586],[47.4669831,42.1549598],[47.4512988,42.1444015],[47.4309241,42.1398808],[47.4274924,42.1367114],[47.4245668,42.1314756],[47.4257767,42.1060523],[47.4154674,42.0933607],[47.4150909,42.0889321],[47.4224793,42.0801731],[47.4208119,42.0727818],[47.4308554,42.0643992],[47.431619,42.0580737],[47.4315274,42.053257],[47.4207857,42.0521371],[47.4175816,42.0477193],[47.4193501,42.0447449],[47.433836,42.045119],[47.4396493,42.0430746],[47.441744,42.0374749],[47.4410341,42.0269833],[47.4371108,42.0147194],[47.4332545,42.0117454],[47.4091478,42.0031493],[47.403063,41.9985696],[47.3983963,41.9902855],[47.3977264,41.9847826],[47.4023981,41.9829637],[47.4012138,41.9685899],[47.3753303,41.9470515],[47.3808439,41.9397377],[47.3811287,41.9301327],[47.371317,41.9255366],[47.36956,41.917325],[47.380216,41.8901444],[47.3893288,41.8941072],[47.3979005,41.8932379],[47.4037174,41.8980555],[47.4145936,41.8973916],[47.4199685,41.9004681],[47.4288386,41.9010362],[47.4430618,41.9054533],[47.447463,41.904984],[47.4525163,41.8992215],[47.4775742,41.8973745],[47.4779809,41.8941254],[47.4823837,41.8902999],[47.4829051,41.8796308],[47.47444,41.8714952],[47.4726466,41.8664705],[47.4812994,41.8618311],[47.4997928,41.8612334],[47.5085737,41.8655592],[47.5141144,41.8745446],[47.5227647,41.8835367],[47.5195425,41.8974229],[47.5171742,41.8999286],[47.5189529,41.9129956],[47.5140723,41.9181581],[47.5151389,41.921555],[47.5212588,41.923587],[47.5306054,41.9221666],[47.5391994,41.926964],[47.5396294,41.9298477],[47.5454378,41.93231],[47.5447788,41.9357796],[47.5474607,41.9363646],[47.5495701,41.9403973],[47.5595303,41.9461327],[47.5605604,41.9517619],[47.5577535,41.9535824],[47.5574868,41.9559708],[47.560294,41.9573546],[47.5659562,41.9558637],[47.5729747,41.9608816],[47.5763038,41.9687784],[47.5816818,41.9738043],[47.5976067,41.9785589],[47.604471,41.9790596],[47.6120175,41.9785884],[47.6181307,41.9759957],[47.6239162,41.969512],[47.6360304,41.9734223],[47.6447922,41.970727],[47.6513697,41.9658932],[47.6520699,41.961201],[47.6553441,41.9578952]]]}},{"type":"Feature","properties":{"name":"Дербент","sourceName":"urban okrug of Derbent","shapeID":"50074027B38701103870150"},"geometry":{"type":"MultiPolygon","coordinates":[[[[48.2107382,42.0995266],[48.2235729,42.0959331],[48.2358853,42.1083342],[48.2491864,42.101325],[48.2506445,42.1019624],[48.2538965,42.0967062],[48.2583904,42.0972381],[48.2603131,42.0958189],[48.2616449,42.0939921],[48.252972,42.0883349],[48.2513626,42.0854236],[48.2659665,42.0790986],[48.2700409,42.0735654],[48.2696996,42.0698628],[48.2715604,42.068318],[48.2679048,42.0675496],[48.2678823,42.0658137],[48.2699944,42.0615889],[48.2738107,42.0605105],[48.2739353,42.0591637],[48.266008,42.0575889],[48.2698605,42.0482743],[48.2791469,42.0345709],[48.287105,42.0368023],[48.2900241,42.0260233],[48.2886891,42.020927],[48.2980495,42.0019669],[48.300112,41.9891148],[48.3077813,41.9875736],[48.3222552,41.9899926],[48.3234698,41.9867577],[48.3242951,41.9829496],[48.3172256,41.9819888],[48.3195613,41.9761083],[48.3104359,41.9754582],[48.3056327,41.9648782],[48.2806924,41.968041],[48.2743226,41.9544211],[48.2739104,41.9499633],[48.2757902,41.9468397],[48.270461,41.946463],[48.2688754,41.942106],[48.2635242,41.9424582],[48.2615422,41.9441044],[48.2581729,41.9402632],[48.2610701,41.9343877],[48.2664023,41.9343929],[48.2720393,41.9313115],[48.2791088,41.9317749],[48.2802498,41.9272758],[48.2822691,41.926195],[48.2850531,41.9269168],[48.284692,41.9313066],[48.2942583,41.9343976],[48.2975457,41.938563],[48.3021238,41.9375205],[48.303196,41.947685],[48.3244061,41.9496908],[48.3250983,41.951134],[48.36095536563908,41.956833236750214],[48.3575167,41.9647525],[48.3479037,41.9767496],[48.3463587,41.987596],[48.3352007,42.0082629],[48.3362772,42.0115],[48.3334432,42.0253049],[48.3305628,42.0265511],[48.3193373,42.0399521],[48.3176402,42.0453671],[48.3118411,42.0524878],[48.2986936,42.0790568],[48.2904088,42.0917831],[48.2911045,42.098556],[48.2893852,42.1017888],[48.2907844,42.1058086],[48.2850663,42.1064187],[48.2666674,42.1186771],[48.2639895,42.1234562],[48.2605874,42.1239456],[48.24076896073633,42.13628486352618],[48.2370603,42.1348403],[48.2316105,42.127746],[48.2141538,42.1191947],[48.2199734,42.1174982],[48.2078784,42.1045045],[48.2066667,42.0999871],[48.2107382,42.0995266]]],[[[48.1688663,42.1330101],[48.1558613,42.136913],[48.1514731,42.1299873],[48.1649841,42.1251317],[48.1692178,42.129677],[48.1688663,42.1330101]]]]}},{"type":"Feature","properties":{"name":"Дербентский район","sourceName":"Derbentsky District","shapeID":"50074027B29857646142193"},"geometry":{"type":"Polygon","coordinates":[[[48.218588546294,42.168666209602286],[48.2086863,42.1876035],[48.14191,42.2739082],[48.12513937894042,42.300807570631484],[48.1178599,42.3023717],[48.1046739,42.317633],[48.1031269,42.3173752],[48.1073572,42.3049097],[48.0945479,42.2994526],[48.0794307,42.3038959],[48.0792271,42.3132299],[48.0683434,42.3201097],[48.0392278,42.313552],[48.0515282,42.297836],[48.0509176,42.2963643],[48.0338507,42.292243],[48.0420931,42.2724438],[48.0298131,42.2667205],[48.0271523,42.262433],[48.0217303,42.2613616],[48.0183715,42.2588168],[48.0220522,42.250832],[48.0217942,42.2468554],[48.0160857,42.2406186],[48.0074542,42.2385641],[47.996271,42.238783],[47.9780503,42.2295489],[47.9797445,42.2283703],[47.980098,42.2207624],[47.9860753,42.2105089],[47.9908465,42.2080286],[48.0025722,42.1927318],[48.0067964,42.1918276],[48.0096508,42.184542],[48.0066941,42.1769788],[47.9931304,42.1692004],[47.9982229,42.1655299],[47.9965923,42.1636097],[47.9993297,42.1631678],[48.0085599,42.1675206],[48.0103234,42.1640567],[48.0175538,42.1670631],[48.0268497,42.1634372],[48.0444759,42.1494984],[48.0464155,42.1433494],[48.0578025,42.1393648],[48.0528678,42.132383],[48.0407879,42.135914],[48.0357201,42.1323581],[48.0310886,42.1345409],[48.0226238,42.1279364],[48.0263803,42.1250832],[48.0141175,42.1179777],[48.0064179,42.110559],[48.0092257,42.10769],[48.0046265,42.1007212],[48.0163819,42.1006141],[48.0235464,42.0890725],[48.0266109,42.0913029],[48.0517299,42.098729],[48.0584487,42.1141852],[48.0624663,42.1185888],[48.0809092,42.1161096],[48.091589,42.1222355],[48.0899141,42.1131151],[48.0743027,42.0992439],[48.0771778,42.0812046],[48.0727852,42.0747654],[48.0712182,42.0655774],[48.0811354,42.0465123],[48.0866692,42.0408909],[48.0868716,41.9993278],[48.0989432,42.0013451],[48.099008,41.9936425],[48.1065432,41.9900575],[48.1070482,41.9990319],[48.1379014,42.0005611],[48.1474618,41.9912353],[48.1526756,41.9828438],[48.1514267,41.9822838],[48.1580042,41.9737967],[48.1643441,41.9577964],[48.176578,41.9447429],[48.1997361,41.9344609],[48.2025538,41.9287103],[48.2096269,41.9242735],[48.2246291,41.9201309],[48.22926,41.9098409],[48.227455,41.9079925],[48.2204276,41.9150813],[48.2049684,41.9177641],[48.2036073,41.9198835],[48.2086459,41.9196109],[48.2086552,41.9212718],[48.2011532,41.9229745],[48.1908809,41.9339515],[48.1751285,41.9322793],[48.1778526,41.9253854],[48.1345239,41.9191927],[48.1529209,41.8950981],[48.163173,41.8913167],[48.1774702,41.8774208],[48.2169192,41.8620883],[48.2305699,41.8533878],[48.2458665,41.8507486],[48.256082,41.8507158],[48.2672773,41.8537841],[48.2795682,41.8539416],[48.2997417,41.871767],[48.2974453,41.8783178],[48.3063644,41.8773516],[48.3557499,41.8413894],[48.3561681,41.8362022],[48.3646428,41.8318334],[48.3954206,41.824158],[48.4120988,41.8247136],[48.4194748,41.8230742],[48.422469,41.828978],[48.4298756,41.8309778],[48.4287813,41.8344897],[48.4364533,41.8341237],[48.445546,41.8374638],[48.4559847,41.8341823],[48.4675868,41.8447869],[48.4701142,41.857656],[48.4768635,41.868345],[48.4762186,41.8774654],[48.4807106,41.886627],[48.4875292,41.8924483],[48.48721445548004,41.90831609853072],[48.4545054,41.9116322],[48.41365,41.9214679],[48.3885874,41.9346224],[48.3774294,41.9421563],[48.36095536563908,41.956833236750214],[48.3250983,41.951134],[48.3244061,41.9496908],[48.303196,41.947685],[48.3021238,41.9375205],[48.2975457,41.938563],[48.2942583,41.9343976],[48.284692,41.9313066],[48.2850531,41.9269168],[48.2822691,41.926195],[48.2802498,41.9272758],[48.2791088,41.9317749],[48.2720393,41.9313115],[48.2664023,41.9343929],[48.2610701,41.9343877],[48.2581729,41.9402632],[48.2615422,41.9441044],[48.2635242,41.9424582],[48.2688754,41.942106],[48.270461,41.946463],[48.2757902,41.9468397],[48.2739104,41.9499633],[48.2743226,41.9544211],[48.2806924,41.968041],[48.3056327,41.9648782],[48.3104359,41.9754582],[48.3195613,41.9761083],[48.3172256,41.9819888],[48.3242951,41.9829496],[48.3234698,41.9867577],[48.3222552,41.9899926],[48.3077813,41.9875736],[48.300112,41.9891148],[48.2980495,42.0019669],[48.2886891,42.020927],[48.2900241,42.0260233],[48.287105,42.0368023],[48.2791469,42.0345709],[48.2698605,42.0482743],[48.266008,42.0575889],[48.2739353,42.0591637],[48.2738107,42.0605105],[48.2699944,42.0615889],[48.2678823,42.0658137],[48.2679048,42.0675496],[48.2715604,42.068318],[48.2696996,42.0698628],[48.2700409,42.0735654],[48.2659665,42.0790986],[48.2513626,42.0854236],[48.252972,42.0883349],[48.2616449,42.0939921],[48.2603131,42.0958189],[48.2583904,42.0972381],[48.2538965,42.0967062],[48.2506445,42.1019624],[48.2491864,42.101325],[48.2358853,42.1083342],[48.2235729,42.0959331],[48.2107382,42.0995266],[48.2066789,42.0893059],[48.2051202,42.0677284],[48.193251,42.0653542],[48.1824925,42.0899777],[48.1769369,42.08942],[48.1701002,42.091228],[48.1663562,42.0960391],[48.1716677,42.1012908],[48.157351,42.1131232],[48.1649841,42.1251317],[48.1514731,42.1299873],[48.1558613,42.136913],[48.1688663,42.1330101],[48.1945942,42.1695977],[48.2122071,42.167053],[48.218588546294,42.168666209602286]]]}},{"type":"Feature","properties":{"name":"Докузпаринский район","sourceName":"Dokuzparinsky District","shapeID":"50074027B53437988780842"},"geometry":{"type":"Polygon","coordinates":[[[47.7079952,41.2124172],[47.7128717,41.2087856],[47.7270001,41.2067172],[47.7267764,41.1931152],[47.7299012,41.1916905],[47.7437416,41.1895642],[47.7482544,41.1874478],[47.7532432,41.1924445],[47.756829,41.1925219],[47.7620001,41.1885519],[47.7779498,41.1875354],[47.7820917,41.1858711],[47.7902792,41.1936231],[47.7948486,41.2049948],[47.8023212,41.2098878],[47.8083934,41.2115486],[47.8115524,41.2193638],[47.8272764,41.221298],[47.8405078,41.2160357],[47.8475221,41.2155487],[47.8585428,41.2209218],[47.8715706,41.2174406],[47.8856094,41.2194184],[47.903583,41.2383031],[47.9040704,41.2450934],[47.910599,41.255376],[47.9077373,41.2660062],[47.9117174,41.2768984],[47.9060939,41.2821961],[47.8929249,41.2882948],[47.8936102,41.2913768],[47.897412,41.2921991],[47.8990905,41.2948953],[47.8984036,41.2988281],[47.9166556,41.3008108],[47.9360965,41.3140132],[47.9451062,41.3131755],[47.9621498,41.3163116],[47.9632826,41.3188487],[47.9668769,41.3186027],[47.9706294,41.3229378],[47.9656381,41.3288086],[47.958054,41.3323629],[47.9501433,41.3511242],[47.9547126,41.3544007],[47.9555808,41.3582673],[47.962434,41.3608165],[47.9749038,41.3543096],[47.9806426,41.3531842],[47.9834208,41.3555737],[47.9814989,41.3616713],[47.9852729,41.3660433],[47.9983537,41.3706476],[48.0014051,41.3731814],[48.0041762,41.3813838],[47.9997756,41.3946276],[48.0009414,41.3996019],[48.0068844,41.4050302],[48.0022662,41.4106046],[48.0054496,41.4199368],[48.0025221,41.4247436],[48.0022289,41.4299591],[48.0082278,41.4329563],[48.0365953,41.4389866],[48.0583908,41.4558793],[48.0637341,41.4575127],[48.0643381,41.4599915],[48.054184,41.4671418],[48.0576866,41.479212],[48.0621011,41.4840552],[48.0647888,41.4922877],[48.076911,41.4977745],[48.0885616,41.4985266],[48.0885128,41.5016982],[48.0696244,41.5130626],[48.0568107,41.5265437],[48.031992,41.5231889],[48.0196748,41.5276061],[48.0132943,41.5260969],[48.0118713,41.5215553],[47.9948644,41.5083053],[47.9894695,41.5099391],[47.9678622,41.5042157],[47.968334,41.5003997],[47.9516082,41.4938029],[47.9133948,41.5013585],[47.9003932,41.485841],[47.8842908,41.4812386],[47.8635698,41.483301],[47.8523754,41.4788507],[47.8442938,41.4620274],[47.8212102,41.4457108],[47.8290633,41.4452374],[47.8014004,41.408797],[47.800507,41.391095],[47.8122137,41.3811087],[47.8118448,41.3734123],[47.8060587,41.364406],[47.7988539,41.3295458],[47.7837787,41.3047301],[47.7724466,41.3003761],[47.7565655,41.2836467],[47.7747637,41.2739195],[47.7818394,41.268403],[47.7742075,41.2682064],[47.7395261,41.2563088],[47.7342279,41.2522062],[47.7235793,41.2319799],[47.7143089,41.2216829],[47.7138302,41.2188702],[47.7099496,41.2185207],[47.7079952,41.2124172]]]}},{"type":"Feature","properties":{"name":"Избербаш","sourceName":"городской округ Избербаш","shapeID":"50074027B30798664015080"},"geometry":{"type":"Polygon","coordinates":[[[47.8184115,42.5887823],[47.8269057,42.5819264],[47.8441168,42.572711],[47.8420623,42.5710547],[47.8476655,42.5645911],[47.8514591,42.5643772],[47.8538379,42.5661006],[47.8618325,42.554582],[47.8602906,42.5538213],[47.8627035,42.5473328],[47.8628348,42.5332324],[47.8695037,42.5235341],[47.8848612,42.5143668],[47.8966382,42.5213165],[47.8864474,42.5374628],[47.8918664,42.5306592],[47.8937513,42.5310519],[47.8950535,42.5290529],[47.8996826,42.5302468],[47.9047933,42.5227682],[47.9112457,42.5234532],[47.905704,42.5367943],[47.9008974,42.5604429],[47.8872775,42.5813748],[47.8815451,42.5834903],[47.8789361,42.5874145],[47.8740574,42.5894636],[47.8668637,42.5959214],[47.8344457,42.6044962],[47.8118077,42.6076147],[47.8184115,42.5887823]]]}},{"type":"Feature","properties":{"name":"Казбековский район","sourceName":"Kazbekovsky District","shapeID":"50074027B35163462706809"},"geometry":{"type":"Polygon","coordinates":[[[46.8442931,43.0835024],[46.8404287,43.073815],[46.8310864,43.0668077],[46.8207763,43.0620023],[46.7920429,43.0894357],[46.7898909,43.0986993],[46.7817313,43.1013116],[46.7839774,43.1119265],[46.7551588,43.1038524],[46.7216478,43.1182064],[46.693328,43.1104642],[46.6646807,43.1146249],[46.6544766,43.1108486],[46.6351284,43.1165426],[46.629534,43.1143612],[46.6208407,43.1177299],[46.6217466,43.130877],[46.595245,43.137849],[46.5603568,43.1481589],[46.5511867,43.1199315],[46.5391697,43.1160841],[46.5402745,43.1026321],[46.5273464,43.0941055],[46.5308316,43.079486],[46.5051879,43.0829839],[46.4967484,43.0755819],[46.5038934,43.0732244],[46.5155512,43.0651024],[46.5228954,43.040563],[46.5181126,43.042854],[46.5171115,43.0452319],[46.4956541,43.0382186],[46.4903532,43.0407132],[46.4881352,43.0393343],[46.4892285,43.0291608],[46.4954307,43.0251565],[46.5028026,43.0308475],[46.5002526,43.0331676],[46.5025756,43.0350366],[46.509119,43.0302986],[46.5175467,43.0304325],[46.5198522,43.0237903],[46.5167753,43.0235227],[46.5066669,43.0292137],[46.504802,43.0167667],[46.4972434,43.0189071],[46.4795174,43.0184387],[46.46783,43.0154705],[46.4664588,43.0129067],[46.4766019,43.0048712],[46.4787152,42.9942412],[46.4922156,42.9802424],[46.4944349,42.9755122],[46.4974453,42.96287],[46.4919271,42.9504451],[46.4930643,42.9479702],[46.5119277,42.9331877],[46.5338588,42.9234564],[46.5375076,42.9290583],[46.5547684,42.9275683],[46.571156,42.9340165],[46.5869219,42.9344738],[46.5880664,42.9276525],[46.5981462,42.9219118],[46.5978653,42.9178628],[46.5887064,42.9060928],[46.5912332,42.8959548],[46.6100428,42.8835237],[46.6278851,42.8851983],[46.6220326,42.8764945],[46.612518,42.8740626],[46.6418081,42.8627766],[46.65315,42.8428683],[46.6619533,42.8444824],[46.6719752,42.8394305],[46.6757055,42.8404567],[46.6734428,42.8473002],[46.6915712,42.8478006],[46.7030471,42.8451609],[46.7173602,42.8442696],[46.7170278,42.8663382],[46.7007591,42.8657726],[46.6841831,42.8686605],[46.669732,42.8767065],[46.6348594,42.8848389],[46.6352089,42.8907967],[46.6496713,42.916142],[46.6709592,42.9199018],[46.676624,42.9234984],[46.7153435,42.935384],[46.7238043,42.9408896],[46.7218909,42.9444495],[46.7361369,42.9537493],[46.7326665,42.9591638],[46.7479582,42.9595467],[46.7621265,42.9689372],[46.762454,42.9781637],[46.7709045,42.9878248],[46.7757264,42.9842245],[46.7720488,42.9697119],[46.7879663,42.9809513],[46.7995582,42.9700487],[46.8264291,42.9747667],[46.8391171,42.9714143],[46.8549346,42.9728836],[46.8674902,42.9816429],[46.8578776,42.9835201],[46.838785,42.9965151],[46.8406374,43.004508],[46.8710041,43.0256247],[46.8800487,43.0292497],[46.8869228,43.0731666],[46.8442931,43.0835024]]]}},{"type":"Feature","properties":{"name":"Кайтагский район","sourceName":"Kaytagsky District","shapeID":"50074027B46464127774733"},"geometry":{"type":"Polygon","coordinates":[[[47.7079926,41.923823],[47.753973,41.9391506],[47.7732729,41.9473607],[47.7932948,41.9489415],[47.8156596,41.9637559],[47.836973,41.9624069],[47.8421774,41.9757358],[47.8524339,41.9829786],[47.8797804,42.0154137],[47.9032456,42.0280065],[47.9261147,42.0223085],[47.9371806,42.0288501],[47.9467391,42.0256518],[47.9526026,42.0280423],[47.9683557,42.0599445],[47.9599181,42.0770773],[47.9750129,42.081341],[48.0064179,42.110559],[48.0141175,42.1179777],[48.0263803,42.1250832],[48.0226238,42.1279364],[48.0310886,42.1345409],[48.0357201,42.1323581],[48.0407879,42.135914],[48.0528678,42.132383],[48.0578025,42.1393648],[48.0464155,42.1433494],[48.0444759,42.1494984],[48.0268497,42.1634372],[48.0175538,42.1670631],[48.0103234,42.1640567],[48.0085599,42.1675206],[47.9993297,42.1631678],[47.9965923,42.1636097],[47.9982229,42.1655299],[47.9931304,42.1692004],[48.0066941,42.1769788],[48.0096508,42.184542],[48.0067964,42.1918276],[48.0025722,42.1927318],[47.9908465,42.2080286],[47.9860753,42.2105089],[47.980098,42.2207624],[47.9797445,42.2283703],[47.9780503,42.2295489],[47.9713244,42.228007],[47.9503435,42.2286181],[47.9192373,42.2272647],[47.9082686,42.2244456],[47.8935631,42.2284585],[47.8836814,42.2351485],[47.8742999,42.2388593],[47.8692461,42.234329],[47.8521243,42.2332223],[47.8452348,42.2352199],[47.8405502,42.2392329],[47.83425,42.2340427],[47.8260115,42.2306181],[47.8177247,42.2292625],[47.8093653,42.224166],[47.8022101,42.2234086],[47.7959137,42.2261342],[47.7779773,42.2229835],[47.7750313,42.2240459],[47.7764742,42.2386976],[47.7690369,42.2399553],[47.7638491,42.2342338],[47.7587991,42.2355692],[47.755262,42.2344462],[47.7541339,42.2225857],[47.7512092,42.2217801],[47.7491146,42.2220584],[47.7462943,42.2489083],[47.7211089,42.2335261],[47.7292623,42.2231032],[47.7367886,42.2181289],[47.7369422,42.2117321],[47.7325778,42.2102379],[47.7179548,42.2201753],[47.7130731,42.2266842],[47.7075831,42.2290516],[47.704023,42.2262587],[47.7020454,42.2202318],[47.70808,42.2104996],[47.7131035,42.1972748],[47.7247714,42.1886869],[47.7315179,42.1856494],[47.7323382,42.1747615],[47.7262319,42.1726692],[47.7271766,42.1646552],[47.7317744,42.1616688],[47.7382126,42.1615152],[47.7426288,42.1642866],[47.7473641,42.1644929],[47.7480705,42.1609597],[47.7385611,42.1496795],[47.731489,42.1450533],[47.7311594,42.1373893],[47.7758808,42.1216728],[47.7728624,42.1177119],[47.7733021,42.1024717],[47.7725594,42.1011153],[47.7531294,42.1039123],[47.7341679,42.1014668],[47.7218895,42.0920925],[47.7144515,42.0921491],[47.6995962,42.0860927],[47.6872308,42.0901444],[47.6815436,42.0952596],[47.6688582,42.095254],[47.6745469,42.0836688],[47.6729289,42.0782215],[47.6670787,42.0759109],[47.6652782,42.0688397],[47.6715066,42.0656798],[47.6707559,42.0597954],[47.6618466,42.0548587],[47.6611941,42.0474931],[47.6680818,42.0427199],[47.6555713,42.0455915],[47.6568928,42.0402317],[47.6692953,42.0395913],[47.6669833,42.0346553],[47.6593818,42.0320318],[47.646255,42.0343876],[47.6495989,42.0232275],[47.6563519,42.0224687],[47.6560956,42.0148895],[47.6468853,42.0081763],[47.6468866,41.999233],[47.6298012,41.9954701],[47.6304786,41.9922751],[47.6350543,41.9904934],[47.637154,41.9809556],[47.6501172,41.9748855],[47.6553441,41.9578952],[47.6601547,41.9572007],[47.6639308,41.9546623],[47.6640183,41.9520597],[47.6562469,41.9472452],[47.6614227,41.9463546],[47.6679785,41.9506168],[47.671925,41.9505932],[47.6749572,41.9485965],[47.6744988,41.9461691],[47.6768429,41.9444991],[47.6742239,41.9393751],[47.6750208,41.9358219],[47.6951344,41.9302474],[47.6957563,41.9266092],[47.7079926,41.923823]]]}},{"type":"Feature","properties":{"name":"Карабудахкентский район","sourceName":"Karabudakhkentsky District","shapeID":"50074027B51590812616555"},"geometry":{"type":"MultiPolygon","coordinates":[[[[47.3629618,42.5925769],[47.3643402,42.5912275],[47.3725366,42.5917591],[47.3785502,42.5855697],[47.3782362,42.5728681],[47.3615897,42.5737393],[47.3465584,42.5604258],[47.3512067,42.5457086],[47.3523011,42.5346867],[47.363637,42.5285422],[47.3771008,42.5305069],[47.4119545,42.5398525],[47.4171852,42.5289336],[47.4126803,42.5157655],[47.4177089,42.5093555],[47.4189414,42.5111504],[47.4271112,42.5136268],[47.4280275,42.5103624],[47.4351284,42.5116007],[47.449941,42.5024821],[47.4533006,42.5088427],[47.4677509,42.5023741],[47.4641682,42.4820955],[47.4597924,42.4745335],[47.4668748,42.4683055],[47.4579727,42.4626666],[47.4636847,42.4630091],[47.4706329,42.465938],[47.4722132,42.4624382],[47.4764358,42.463685],[47.4828496,42.4621079],[47.4873544,42.4625585],[47.4891443,42.4558275],[47.4923363,42.4524252],[47.4925176,42.4482366],[47.4990406,42.4495074],[47.5053378,42.4477972],[47.4973752,42.4555621],[47.4939254,42.4638663],[47.4932063,42.4722143],[47.4976495,42.4761505],[47.5220191,42.4845787],[47.5284328,42.4941503],[47.5350756,42.4951074],[47.530935,42.4867833],[47.5366186,42.4873278],[47.5398644,42.4849984],[47.5568104,42.4860221],[47.5695761,42.4923566],[47.5797862,42.5002604],[47.5763353,42.504412],[47.5780591,42.5044187],[47.5809073,42.5079441],[47.5885948,42.5087546],[47.5916792,42.506473],[47.5992952,42.5076217],[47.6037851,42.5033581],[47.6141116,42.506769],[47.6231572,42.503316],[47.6261708,42.5054718],[47.6363573,42.5074695],[47.6428756,42.5055984],[47.6592347,42.5058591],[47.6732005,42.5081461],[47.6800101,42.4992635],[47.6875309,42.482855],[47.6943667,42.4762233],[47.7019187,42.4634309],[47.7058475,42.4682536],[47.7075094,42.4746296],[47.7097055,42.4755433],[47.7190103,42.4736435],[47.7374605,42.4763011],[47.7396326,42.4717399],[47.7466904,42.4730841],[47.7467439,42.4787909],[47.770309,42.4782646],[47.7962882,42.4945635],[47.8017495,42.5346407],[47.7655282,42.5374412],[47.7899656,42.5469282],[47.8082262,42.5632814],[47.8184115,42.5887823],[47.8118077,42.6076147],[47.8066365,42.6041171],[47.8004567,42.6051279],[47.7925603,42.6076548],[47.7769391,42.6181405],[47.7583997,42.6359494],[47.7456338,42.6550376],[47.7332552,42.6695477],[47.7189493,42.7070244],[47.7113645,42.8321408],[47.7059286,42.8526697],[47.69727808806905,42.86826556971445],[47.688445,42.8667329],[47.6781081,42.8693887],[47.6497897,42.8573366],[47.6439219,42.8583169],[47.6344472,42.8500594],[47.6234957,42.857966],[47.6125777,42.8554275],[47.6041342,42.8599696],[47.5954425,42.868686],[47.582868,42.8754528],[47.5593709,42.8845703],[47.555747,42.8884718],[47.5487116,42.8997591],[47.5384967,42.9019831],[47.5403342,42.8956763],[47.5377829,42.894848],[47.5303964,42.895271],[47.5285647,42.89425],[47.5239221,42.901959],[47.5229502,42.8984737],[47.5197262,42.8963201],[47.4922214,42.8988568],[47.4968618,42.8977681],[47.5079388,42.8890032],[47.5144415,42.8916328],[47.5227429,42.8827688],[47.5307504,42.8805379],[47.5362467,42.8725927],[47.532373,42.8693273],[47.5441644,42.8479709],[47.5188596,42.8161353],[47.5131656,42.8204567],[47.4577997,42.8308385],[47.4348146,42.8306172],[47.4175074,42.833793],[47.4098469,42.8320731],[47.4084364,42.8272049],[47.4041204,42.8300573],[47.381825,42.832409],[47.3786692,42.8303632],[47.3489929,42.8354326],[47.3219158,42.8348328],[47.3210474,42.8307852],[47.3140228,42.8290493],[47.3089835,42.8194171],[47.3098127,42.8156055],[47.3052567,42.8124867],[47.2930053,42.7978348],[47.3168249,42.7729733],[47.3134868,42.7624365],[47.2881035,42.7395641],[47.2940181,42.730809],[47.2965556,42.7226041],[47.2915885,42.7176261],[47.2925719,42.7167275],[47.2952599,42.7186376],[47.2995791,42.7188756],[47.3001052,42.7179405],[47.2980134,42.7170509],[47.294774,42.7095533],[47.2851097,42.7056653],[47.2805205,42.70142],[47.2689666,42.6971744],[47.2660511,42.6931269],[47.2678328,42.6893172],[47.2640081,42.6876487],[47.2651333,42.6822132],[47.2605217,42.6778513],[47.2532902,42.6476311],[47.2602868,42.6474385],[47.2751376,42.6424961],[47.2825605,42.6420824],[47.2849491,42.6451359],[47.2901554,42.6471508],[47.3053469,42.6414847],[47.3033828,42.6367033],[47.3215099,42.6338285],[47.324323,42.6359348],[47.3394276,42.621262],[47.3484944,42.6193909],[47.3549274,42.6166827],[47.3560345,42.6144352],[47.3589741,42.6157275],[47.3601002,42.614378],[47.362181,42.6167389],[47.3642044,42.6154466],[47.3623337,42.6133113],[47.3635172,42.6128899],[47.3669531,42.6167108],[47.3700073,42.6154185],[47.3722215,42.6114851],[47.368442,42.60831],[47.3691292,42.607158],[47.3764974,42.6130304],[47.3722979,42.615868],[47.3719161,42.6193517],[47.3741558,42.6219238],[47.3785884,42.6229264],[47.3814222,42.6142104],[47.379437,42.6098273],[47.3766827,42.6055407],[47.3746267,42.6049382],[47.3721452,42.6062588],[47.3629618,42.5925769]]],[[[47.4050012,42.9418797],[47.413818,42.9427012],[47.4419937,42.9229534],[47.4881585,42.9010127],[47.4993172,42.8983715],[47.5190797,42.8965991],[47.5229153,42.8995504],[47.5227982,42.902108],[47.5189715,42.9024772],[47.5203488,42.9075687],[47.4966389,42.9191748],[47.4923596,42.9188457],[47.4848663,42.9209644],[47.4802119,42.9239264],[47.4530618,42.9322724],[47.4430963,42.9377879],[47.4364859,42.9424327],[47.426637,42.9557076],[47.4177737,42.9598906],[47.4192845,42.9566118],[47.4271828,42.9526839],[47.4268031,42.950655],[47.4126647,42.9543329],[47.4134778,42.9554121],[47.4065619,42.9591994],[47.4010744,42.9539611],[47.403788,42.9524103],[47.4041845,42.9471409],[47.4059715,42.9459769],[47.4050012,42.9418797]]]]}},{"type":"Feature","properties":{"name":"Каспийск","sourceName":"городской округ Каспийск","shapeID":"50074027B24584151932572"},"geometry":{"type":"Polygon","coordinates":[[[47.555747,42.8884718],[47.5593709,42.8845703],[47.582868,42.8754528],[47.5954425,42.868686],[47.6041342,42.8599696],[47.6125777,42.8554275],[47.6234957,42.857966],[47.6344472,42.8500594],[47.6439219,42.8583169],[47.6497897,42.8573366],[47.6781081,42.8693887],[47.688445,42.8667329],[47.69727808806905,42.86826556971445],[47.697494945551604,42.869892041986766],[47.6945865,42.8694562],[47.6778585,42.8757273],[47.6627379,42.8857396],[47.660912,42.883114],[47.6586971,42.8831296],[47.6602957,42.8819193],[47.658183,42.8803507],[47.6550292,42.8827422],[47.6534021,42.8817039],[47.654538,42.8858766],[47.6485123,42.8878232],[47.6426901,42.8921601],[47.6356676,42.9007549],[47.6325859,42.9019248],[47.6225376,42.9165328],[47.62024035923919,42.91738583883577],[47.6146043,42.912324],[47.6113853,42.9139907],[47.6088388,42.9116761],[47.5897636,42.9268043],[47.5811399,42.9213364],[47.594106,42.9090845],[47.5971009,42.8928006],[47.5783335,42.8895297],[47.5676389,42.8850377],[47.5623085,42.8854231],[47.555747,42.8884718]]]}},{"type":"Feature","properties":{"name":"Каякентский район","sourceName":"Kayakentsky District","shapeID":"50074027B83524270497208"},"geometry":{"type":"Polygon","coordinates":[[[48.0183715,42.2588168],[48.0165271,42.2575569],[48.0070321,42.2578706],[48.0007503,42.2661244],[47.9996989,42.2709197],[48.0018071,42.2720788],[47.9965822,42.2771238],[48.001445,42.2848195],[47.9978535,42.2924825],[47.9985385,42.2939791],[48.0050617,42.2951378],[47.9979699,42.3039938],[47.988432,42.3117695],[47.9997723,42.3152365],[48.0184405,42.3184415],[48.0190199,42.3174895],[48.0313795,42.3260092],[48.0377739,42.3188699],[48.0392278,42.313552],[48.0683434,42.3201097],[48.0792271,42.3132299],[48.0794307,42.3038959],[48.0945479,42.2994526],[48.1073572,42.3049097],[48.1031269,42.3173752],[48.1046739,42.317633],[48.1178599,42.3023717],[48.12513937894042,42.300807570631484],[48.1113543,42.3183491],[48.0996813,42.3291371],[48.0859484,42.3394158],[48.044063,42.3639001],[48.0117907,42.3914178],[47.9525675,42.462122],[47.9112457,42.5234532],[47.9047933,42.5227682],[47.8996826,42.5302468],[47.8950535,42.5290529],[47.8937513,42.5310519],[47.8918664,42.5306592],[47.8864474,42.5374628],[47.8966382,42.5213165],[47.8848612,42.5143668],[47.8695037,42.5235341],[47.8628348,42.5332324],[47.8627035,42.5473328],[47.8602906,42.5538213],[47.8618325,42.554582],[47.8538379,42.5661006],[47.8514591,42.5643772],[47.8476655,42.5645911],[47.8420623,42.5710547],[47.8441168,42.572711],[47.8269057,42.5819264],[47.8184115,42.5887823],[47.8082262,42.5632814],[47.7899656,42.5469282],[47.7655282,42.5374412],[47.8017495,42.5346407],[47.7962882,42.4945635],[47.8381241,42.5049808],[47.8403231,42.4949251],[47.8505838,42.4743753],[47.7845764,42.441175],[47.7628185,42.4387105],[47.7426699,42.429963],[47.7329305,42.4172199],[47.7231283,42.4125789],[47.7164773,42.4020937],[47.7127936,42.3885019],[47.7009395,42.387934],[47.6969104,42.3762724],[47.689696,42.3725036],[47.6927879,42.3692676],[47.6919119,42.3671355],[47.6865107,42.3621605],[47.6994869,42.351752],[47.7107559,42.3459963],[47.728331,42.3438813],[47.7277259,42.3508761],[47.7406209,42.3524138],[47.7504693,42.3309419],[47.7594175,42.3278316],[47.7745676,42.3132007],[47.7709169,42.3027803],[47.7796696,42.3011667],[47.793634,42.3027206],[47.7921912,42.2981851],[47.7860723,42.2951368],[47.7765773,42.2854153],[47.7657042,42.2780953],[47.7667472,42.2745485],[47.7533289,42.2673317],[47.7688753,42.2614416],[47.7612929,42.2549321],[47.7690369,42.2399553],[47.7764742,42.2386976],[47.7750313,42.2240459],[47.7779773,42.2229835],[47.7959137,42.2261342],[47.8022101,42.2234086],[47.8093653,42.224166],[47.8177247,42.2292625],[47.8260115,42.2306181],[47.83425,42.2340427],[47.8405502,42.2392329],[47.8452348,42.2352199],[47.8521243,42.2332223],[47.8692461,42.234329],[47.8742999,42.2388593],[47.8836814,42.2351485],[47.8935631,42.2284585],[47.9082686,42.2244456],[47.9192373,42.2272647],[47.9503435,42.2286181],[47.9713244,42.228007],[47.9780503,42.2295489],[47.996271,42.238783],[48.0074542,42.2385641],[48.0160857,42.2406186],[48.0217942,42.2468554],[48.0220522,42.250832],[48.0183715,42.2588168]]]}},{"type":"Feature","properties":{"name":"Кизилюрт","sourceName":"городской округ Кизилюрт","shapeID":"50074027B53033522945954"},"geometry":{"type":"Polygon","coordinates":[[[46.8086219,43.210095],[46.819488,43.208774],[46.8193019,43.2068933],[46.828437,43.205719],[46.8291258,43.2010991],[46.8321807,43.2012026],[46.8309887,43.1961576],[46.8330352,43.1852885],[46.8326116,43.1825425],[46.8296875,43.1826155],[46.8282331,43.1661825],[46.8296702,43.1617035],[46.8397963,43.1505278],[46.8527784,43.1539268],[46.8536508,43.1642024],[46.8485588,43.1695465],[46.849189,43.1761697],[46.8446602,43.1842386],[46.8516318,43.1838112],[46.8519778,43.1852572],[46.8603054,43.1844171],[46.8622597,43.1907986],[46.8841915,43.1905296],[46.8916468,43.1986036],[46.8947113,43.198758],[46.8952542,43.2039014],[46.9115603,43.2016621],[46.9114309,43.2074521],[46.9104896,43.2088279],[46.9071599,43.2078177],[46.901197,43.2122879],[46.8859192,43.2184312],[46.8735156,43.2188533],[46.8725783,43.2132076],[46.861642,43.2128074],[46.855812,43.2111922],[46.8464841,43.2143902],[46.8427088,43.2090236],[46.8369485,43.2110464],[46.8354471,43.2099013],[46.8311197,43.2097817],[46.8275452,43.2172567],[46.8095367,43.2145907],[46.8086219,43.210095]]]}},{"type":"Feature","properties":{"name":"Кизилюртовский район","sourceName":"Kizilyurtovsky District","shapeID":"50074027B65452337868679"},"geometry":{"type":"Polygon","coordinates":[[[46.9905435,43.1075529],[46.9931082,43.1087429],[47.0186162,43.1082725],[47.0433799,43.1034988],[47.0476014,43.1066075],[47.0728187,43.1367905],[47.0793812,43.1356921],[47.1188071,43.1771854],[47.1110557,43.1817132],[47.1078995,43.189014],[47.0947629,43.2004786],[47.0851513,43.2035069],[47.0817144,43.2098511],[47.0703354,43.2201148],[47.0836535,43.2372819],[47.07998,43.2395709],[47.0634119,43.2362815],[47.0533128,43.2263173],[47.0306036,43.2529516],[47.0380813,43.2647891],[47.0275696,43.2660521],[46.9890557,43.2781713],[46.9814478,43.285268],[46.9563623,43.284487],[46.9548214,43.2908951],[46.9621743,43.2958082],[46.9554567,43.304482],[46.9652743,43.3102727],[46.975419,43.3083427],[46.9767624,43.3119396],[46.9744403,43.31533],[46.9668944,43.3181488],[46.9672388,43.3214068],[46.9701324,43.3219582],[46.9820511,43.3171464],[46.9910762,43.3108804],[46.995298,43.3119525],[47.0001014,43.3154922],[46.9941538,43.3270365],[47.0000325,43.3290249],[47.0071467,43.3276093],[47.0097141,43.3348335],[47.0153476,43.3383512],[47.0147037,43.3435822],[47.0211392,43.3489275],[47.0189733,43.353555],[47.0293496,43.3592079],[47.0338017,43.3667004],[47.0427801,43.3649748],[47.0625697,43.3674236],[47.0666482,43.3705214],[47.0594413,43.3706538],[47.0553602,43.3762145],[47.0401002,43.3790192],[47.0155683,43.3722144],[47.0095204,43.3791521],[47.0057608,43.3785115],[46.999846,43.3679479],[46.9916201,43.361443],[46.9869303,43.3607631],[46.9847129,43.3654398],[46.9761734,43.3646601],[46.9731821,43.3543229],[46.9673114,43.3588963],[46.9699531,43.3630279],[46.964804,43.3666473],[46.9558009,43.3693054],[46.9454314,43.3702292],[46.941607,43.3777907],[46.943997,43.3788078],[46.9467036,43.377441],[46.9526613,43.3800164],[46.9567969,43.3795776],[46.9599495,43.3832865],[46.9570099,43.3837587],[46.9566616,43.385925],[46.9460041,43.3909278],[46.9355639,43.4059887],[46.9360174,43.4122303],[46.8664985,43.3965469],[46.8597026,43.3852793],[46.8775452,43.3886423],[46.891857,43.380558],[46.9179449,43.3619707],[46.9117284,43.3593648],[46.9121856,43.3571585],[46.9142691,43.3535625],[46.9182834,43.352075],[46.9208163,43.3528644],[46.9259033,43.3481128],[46.9226893,43.3465031],[46.911392,43.351471],[46.903655,43.3521798],[46.8973744,43.3484695],[46.8986398,43.3448801],[46.8882831,43.340504],[46.8811651,43.3400024],[46.8769615,43.343158],[46.8726208,43.3368056],[46.866804,43.3334609],[46.868813,43.3309821],[46.8654417,43.3296465],[46.8616339,43.3329265],[46.8630336,43.325935],[46.856662,43.3250343],[46.853153,43.3193883],[46.8540109,43.3158812],[46.8495023,43.3143613],[46.8508285,43.3123456],[46.8492234,43.3116571],[46.8480218,43.3127812],[46.8465198,43.3107827],[46.8474639,43.3092213],[46.8501676,43.3090964],[46.8479102,43.3051631],[46.8506139,43.3016653],[46.8470519,43.3000412],[46.849026,43.2976363],[46.8455125,43.2957232],[46.8471206,43.2919499],[46.8420995,43.2920748],[46.8412584,43.2884528],[46.8362373,43.2854851],[46.8301862,43.2861099],[46.8324006,43.2832654],[46.8278516,43.282172],[46.827637,43.2804537],[46.8348698,43.2750154],[46.8363318,43.2670712],[46.8331619,43.2613993],[46.836894,43.2533585],[46.8356076,43.2507166],[46.8381263,43.2475915],[46.8347185,43.2432418],[46.8325613,43.2309261],[46.8343294,43.2280919],[46.8354471,43.2099013],[46.8369485,43.2110464],[46.8427088,43.2090236],[46.8464841,43.2143902],[46.855812,43.2111922],[46.861642,43.2128074],[46.8725783,43.2132076],[46.8735156,43.2188533],[46.8859192,43.2184312],[46.901197,43.2122879],[46.9071599,43.2078177],[46.9104896,43.2088279],[46.9114309,43.2074521],[46.9115603,43.2016621],[46.8952542,43.2039014],[46.8947113,43.198758],[46.8916468,43.1986036],[46.8841915,43.1905296],[46.8622597,43.1907986],[46.8603054,43.1844171],[46.8519778,43.1852572],[46.8516318,43.1838112],[46.8446602,43.1842386],[46.849189,43.1761697],[46.8485588,43.1695465],[46.8536508,43.1642024],[46.8527784,43.1539268],[46.8397963,43.1505278],[46.8296702,43.1617035],[46.8282331,43.1661825],[46.8296875,43.1826155],[46.8326116,43.1825425],[46.8330352,43.1852885],[46.8309887,43.1961576],[46.8321807,43.2012026],[46.8291258,43.2010991],[46.828437,43.205719],[46.8193019,43.2068933],[46.819488,43.208774],[46.8086219,43.210095],[46.8017004,43.2107967],[46.7940955,43.2045804],[46.7944702,43.2000811],[46.785337,43.1905077],[46.7710805,43.1972018],[46.7645626,43.1980297],[46.7491977,43.1940566],[46.7703147,43.1905985],[46.7647157,43.168379],[46.7890999,43.1621306],[46.7856553,43.1564248],[46.7790465,43.1546079],[46.7802317,43.1502697],[46.8032638,43.1532687],[46.8049331,43.1431629],[46.7482189,43.1310845],[46.7216478,43.1182064],[46.7551588,43.1038524],[46.7839774,43.1119265],[46.7817313,43.1013116],[46.7898909,43.0986993],[46.7920429,43.0894357],[46.8207763,43.0620023],[46.8310864,43.0668077],[46.8404287,43.073815],[46.8442931,43.0835024],[46.8378651,43.0892187],[46.8435952,43.0964594],[46.8333187,43.1189844],[46.8425829,43.1250701],[46.8425177,43.1296507],[46.8534684,43.129296],[46.8730653,43.1172408],[46.8816658,43.1151745],[46.8958522,43.1134052],[46.9150627,43.1174611],[46.9197076,43.1108691],[46.9358604,43.105441],[46.9556012,43.1131157],[46.9622096,43.1125644],[46.9635494,43.1081086],[46.9836463,43.1065327],[46.9905435,43.1075529]],[[46.9736951,43.3523249],[46.9757499,43.356454],[46.9785706,43.3569294],[46.9799902,43.3558428],[46.979598,43.3500022],[46.9739566,43.3496626],[46.9736951,43.3523249]]]}},{"type":"Feature","properties":{"name":"Кизляр","sourceName":"городской округ Кизляр","shapeID":"50074027B83535390579003"},"geometry":{"type":"Polygon","coordinates":[[[46.6948418,43.9479609],[46.6994683,43.9370709],[46.6945309,43.9228702],[46.700198,43.9121921],[46.6916464,43.9037222],[46.6894417,43.894016],[46.6802838,43.8897325],[46.6790605,43.8882214],[46.6792242,43.8871136],[46.6842872,43.8812],[46.6901423,43.8693411],[46.6964443,43.8628032],[46.6926268,43.8615165],[46.6961977,43.8602609],[46.6979851,43.8570267],[46.6905958,43.8447023],[46.6819944,43.8382647],[46.6751711,43.8368237],[46.6726817,43.8408113],[46.6675657,43.8398922],[46.6659273,43.8423849],[46.6620412,43.8362951],[46.6587216,43.8343042],[46.6556329,43.8246285],[46.6792168,43.8233517],[46.6733153,43.8183887],[46.6728891,43.815975],[46.6757563,43.8178761],[46.6995789,43.8125524],[46.7040203,43.8139278],[46.7054586,43.8212027],[46.709817,43.8250251],[46.7294328,43.8219892],[46.7324888,43.824583],[46.7400503,43.8249483],[46.7445801,43.8324581],[46.742631,43.8358506],[46.7447743,43.8403084],[46.7401048,43.8469621],[46.747545,43.849423],[46.7554998,43.8553439],[46.7653937,43.8549991],[46.7754926,43.8575973],[46.7922919,43.8537129],[46.7963486,43.8699751],[46.7866002,43.8716286],[46.7821605,43.8593896],[46.7689328,43.8627697],[46.7579282,43.8610765],[46.7508336,43.869406],[46.7570954,43.8725145],[46.7587668,43.878903],[46.7416434,43.8699181],[46.7377936,43.8691758],[46.7358792,43.8712372],[46.7322485,43.8719121],[46.7312616,43.869302],[46.728933,43.8696388],[46.7280588,43.8649669],[46.7225262,43.8625508],[46.7215736,43.8604453],[46.7174106,43.8601475],[46.7141065,43.8664333],[46.7177634,43.8722937],[46.7144348,43.8716905],[46.7117732,43.8689169],[46.7140648,43.8634155],[46.7025474,43.8621135],[46.7012121,43.8608969],[46.704233,43.8592558],[46.7017969,43.8573903],[46.7005967,43.8602815],[46.6903834,43.8693086],[46.6843117,43.8814764],[46.6792333,43.8877603],[46.6808134,43.8898053],[46.689549,43.8939453],[46.691898,43.903747],[46.7004115,43.9121256],[46.694752,43.9228725],[46.699674,43.9369311],[46.695119,43.9480161],[46.6928639,43.9622183],[46.6953124,43.9638093],[46.6967309,43.9614878],[46.6984033,43.9619564],[46.6997985,43.9633824],[46.6991605,43.9704469],[46.7058944,43.9710694],[46.702529,43.9753901],[46.7010703,43.9846929],[46.7035136,43.9891337],[46.6909319,43.9910387],[46.6900289,43.9841079],[46.6932869,43.9550743],[46.6948418,43.9479609]]]}},{"type":"Feature","properties":{"name":"Кизлярский район","sourceName":"Kizlyarsky District","shapeID":"50074027B58467356693682"},"geometry":{"type":"MultiPolygon","coordinates":[[[[47.4832789,44.4518153],[47.4843382,44.4538069],[47.5140433,44.4425316],[47.5215193,44.4377334],[47.5227653,44.4332697],[47.5406766,44.4251224],[47.5455048,44.4205461],[47.5543826,44.4194299],[47.5643506,44.4253457],[47.5645063,44.434832],[47.5595223,44.4411926],[47.5612356,44.4474409],[47.5501773,44.4811255],[47.5428571,44.4883729],[47.5400536,44.4875925],[47.5395863,44.4855856],[47.5458163,44.4609394],[47.5464393,44.4295868],[47.5439473,44.4274663],[47.523544,44.4382914],[47.5201175,44.4416389],[47.517937,44.4486682],[47.5208963,44.4553619],[47.521052,44.4735426],[47.51856,44.4786723],[47.521675,44.4793414],[47.5232325,44.4767766],[47.52479,44.4768881],[47.5257245,44.4798989],[47.5282166,44.480791],[47.5265033,44.486366],[47.5294626,44.4889304],[47.5297741,44.4919406],[47.5255688,44.4943932],[47.5076575,44.4948391],[47.4947303,44.4899338],[47.4816473,44.4704199],[47.4791553,44.4567005],[47.4832789,44.4518153]]],[[[46.4448368,43.9682204],[46.4437487,43.965206],[46.4342651,43.9656486],[46.4337265,43.9638615],[46.4367342,43.9606968],[46.4329967,43.956381],[46.4328317,43.9533058],[46.4363006,43.951833],[46.43894,43.9554181],[46.4437706,43.9555256],[46.4570708,43.9443622],[46.4539506,43.9357941],[46.4616328,43.9324912],[46.4580462,43.9237442],[46.4502089,43.9217306],[46.4486251,43.9192052],[46.4533799,43.9084472],[46.4504145,43.9036828],[46.4511937,43.8975227],[46.4489975,43.8933764],[46.4542179,43.8905055],[46.4513381,43.8828066],[46.4451692,43.8781787],[46.4475246,43.8765915],[46.4513316,43.8751179],[46.4952741,43.8790062],[46.4929674,43.8673979],[46.4971085,43.8661249],[46.4988153,43.86234],[46.4937629,43.8585186],[46.5153379,43.8593765],[46.5392955,43.8582981],[46.5619302,43.8714542],[46.5707092,43.8733419],[46.5869177,43.8725943],[46.5901582,43.8736768],[46.588926,43.8703782],[46.6050552,43.8479124],[46.6073548,43.8500403],[46.6097508,43.8489583],[46.6166842,43.8503148],[46.6172264,43.843194],[46.6197649,43.8417816],[46.6189904,43.8380358],[46.6217017,43.8353852],[46.6194413,43.8299601],[46.6372804,43.832924],[46.6486057,43.8304219],[46.6620412,43.8362951],[46.6659273,43.8423849],[46.6675657,43.8398922],[46.6726817,43.8408113],[46.6751711,43.8368237],[46.6819944,43.8382647],[46.6905958,43.8447023],[46.6979851,43.8570267],[46.6961977,43.8602609],[46.6926268,43.8615165],[46.6964443,43.8628032],[46.6901423,43.8693411],[46.6842872,43.8812],[46.6792242,43.8871136],[46.6790605,43.8882214],[46.6802838,43.8897325],[46.6894417,43.894016],[46.6916464,43.9037222],[46.700198,43.9121921],[46.6945309,43.9228702],[46.6994683,43.9370709],[46.6948418,43.9479609],[46.6932071,43.943767],[46.6722137,43.9473408],[46.6541518,43.9524634],[46.6505478,43.9505843],[46.6489466,43.9487073],[46.6495697,43.9422974],[46.6541433,43.9373007],[46.6537286,43.9354268],[46.643949,43.9293586],[46.6429016,43.92199],[46.6369173,43.9183105],[46.6321201,43.9098504],[46.6382708,43.8938868],[46.6480942,43.8876109],[46.6405729,43.8873138],[46.6342249,43.8892994],[46.6075995,43.9035246],[46.6019101,43.899308],[46.5954925,43.9004295],[46.583519,43.8969682],[46.5798861,43.898814],[46.5775651,43.8979674],[46.5735771,43.8991397],[46.5664131,43.9026072],[46.5595316,43.8998064],[46.5498304,43.9012291],[46.5388861,43.8970073],[46.525455,43.9000304],[46.5204832,43.8981128],[46.5092078,43.9038043],[46.5050263,43.9038523],[46.503012,43.9100591],[46.4976827,43.9171316],[46.4993152,43.9363284],[46.4923959,43.9482666],[46.4598443,43.9588045],[46.4532185,43.967808],[46.4448368,43.9682204]]],[[[46.695119,43.9480161],[46.699674,43.9369311],[46.694752,43.9228725],[46.7004115,43.9121256],[46.691898,43.903747],[46.689549,43.8939453],[46.6808134,43.8898053],[46.6792333,43.8877603],[46.6843117,43.8814764],[46.6903834,43.8693086],[46.7005967,43.8602815],[46.7017969,43.8573903],[46.704233,43.8592558],[46.7012121,43.8608969],[46.7025474,43.8621135],[46.7140648,43.8634155],[46.7117732,43.8689169],[46.7144348,43.8716905],[46.7177634,43.8722937],[46.7141065,43.8664333],[46.7174106,43.8601475],[46.7215736,43.8604453],[46.7225262,43.8625508],[46.7280588,43.8649669],[46.728933,43.8696388],[46.7312616,43.869302],[46.7322485,43.8719121],[46.7358792,43.8712372],[46.7377936,43.8691758],[46.7416434,43.8699181],[46.7587668,43.878903],[46.7570954,43.8725145],[46.7508336,43.869406],[46.7579282,43.8610765],[46.7689328,43.8627697],[46.7821605,43.8593896],[46.7866002,43.8716286],[46.7963486,43.8699751],[46.7922919,43.8537129],[46.7754926,43.8575973],[46.7653937,43.8549991],[46.7554998,43.8553439],[46.747545,43.849423],[46.7401048,43.8469621],[46.7447743,43.8403084],[46.742631,43.8358506],[46.7445801,43.8324581],[46.7400503,43.8249483],[46.7324888,43.824583],[46.7294328,43.8219892],[46.709817,43.8250251],[46.7054586,43.8212027],[46.7040203,43.8139278],[46.6995789,43.8125524],[46.6757563,43.8178761],[46.6728891,43.815975],[46.6733153,43.8183887],[46.6792168,43.8233517],[46.6556329,43.8246285],[46.6485634,43.8183432],[46.6474257,43.8148568],[46.649811,43.7998113],[46.6551325,43.7935386],[46.6478372,43.7876876],[46.646171,43.7837069],[46.6327465,43.777107],[46.6305129,43.7704272],[46.6141512,43.7658692],[46.6078279,43.7687233],[46.5879876,43.7685134],[46.582071,43.7660433],[46.5732812,43.7648654],[46.5682291,43.761633],[46.5591809,43.7611629],[46.5471949,43.7514749],[46.5391356,43.7365681],[46.5371522,43.728526],[46.5508359,43.736372],[46.5566258,43.7376793],[46.5697133,43.7314913],[46.5785791,43.7303582],[46.5887717,43.7325808],[46.5990377,43.7312163],[46.6113973,43.7270098],[46.6368183,43.7294074],[46.6407841,43.7304466],[46.6448806,43.7370278],[46.6528992,43.7391689],[46.6593926,43.7391059],[46.6666922,43.745513],[46.6707149,43.7470092],[46.6969573,43.7502442],[46.7064564,43.7487546],[46.7121059,43.7504327],[46.7242655,43.7500223],[46.7380301,43.7555202],[46.7494742,43.7640221],[46.7773177,43.7749574],[46.7852593,43.7755323],[46.7934553,43.7739591],[46.7946345,43.7706773],[46.8120728,43.7702507],[46.8164875,43.7672826],[46.81627,43.7624138],[46.8264261,43.7599165],[46.8344508,43.7611416],[46.8510063,43.7743959],[46.8544793,43.7742305],[46.8607621,43.7702004],[46.8624051,43.7659711],[46.8613902,43.7554201],[46.86505,43.7533727],[46.8665441,43.7601166],[46.8731795,43.7627746],[46.8779016,43.7676367],[46.8826385,43.7684041],[46.8846661,43.7718007],[46.8810732,43.7735824],[46.877414,43.7817948],[46.8789709,43.7977827],[46.8850035,43.7957825],[46.8898121,43.8013094],[46.9007896,43.8005982],[46.9039533,43.8029371],[46.9043179,43.8065282],[46.9072927,43.8061922],[46.9104892,43.8083],[46.9088057,43.8096775],[46.9106443,43.8122743],[46.9185171,43.8153926],[46.924787,43.8113558],[46.9251222,43.8092321],[46.9451961,43.8013184],[46.987715,43.8008905],[46.9786903,43.8156718],[46.9878723,43.8118246],[46.9899709,43.8081478],[46.9906376,43.8093666],[46.9914821,43.8075544],[47.0023392,43.8063695],[47.0064831,43.8083498],[47.0138994,43.8090394],[47.0164961,43.8153469],[47.0154294,43.8180488],[47.017974,43.8189227],[47.0295956,43.8141075],[47.0272173,43.8112953],[47.0286006,43.8101473],[47.0365005,43.8084381],[47.0491363,43.8083559],[47.0513691,43.8053337],[47.0658823,43.8026051],[47.0746692,43.7988557],[47.0963359,43.7969447],[47.0990201,43.7978596],[47.1015573,43.7951882],[47.106422,43.7946127],[47.1150841,43.7975636],[47.1160151,43.7928012],[47.1167492,43.7974581],[47.1233754,43.7970268],[47.1283677,43.8017421],[47.1362847,43.8019804],[47.1387251,43.8045855],[47.1371332,43.8068083],[47.1400087,43.8074903],[47.1348914,43.8085194],[47.1335857,43.8105363],[47.1389594,43.8153384],[47.163124,43.8084303],[47.1679537,43.8097077],[47.1705688,43.8134334],[47.1864149,43.8160582],[47.1910698,43.8141269],[47.1910546,43.8094523],[47.1957724,43.8096788],[47.2023185,43.8077396],[47.2090085,43.8104309],[47.2124783,43.8068742],[47.2195579,43.8065447],[47.2242481,43.8107893],[47.2257915,43.8073225],[47.2226949,43.8032912],[47.2245898,43.8025767],[47.2318496,43.8056396],[47.2414747,43.8036638],[47.2517601,43.8084922],[47.2635992,43.8086948],[47.271688,43.8104729],[47.2714416,43.8045223],[47.2654024,43.8035514],[47.2637939,43.8009063],[47.2738562,43.7915296],[47.2725609,43.7883446],[47.2759206,43.784575],[47.2730264,43.7840782],[47.2721966,43.7824417],[47.2634402,43.7819447],[47.284644,43.7709548],[47.3047097,43.7698553],[47.3084305,43.7678711],[47.31065,43.761782],[47.3165591,43.7592307],[47.3165734,43.7557534],[47.3198532,43.7550088],[47.3700626,43.7179561],[47.3722022,43.7138338],[47.3695786,43.7125866],[47.3679714,43.7140388],[47.3668369,43.7106903],[47.3705477,43.7105536],[47.3695077,43.7071194],[47.3713026,43.7024876],[47.373053,43.7047957],[47.3743057,43.7043002],[47.3748257,43.7025915],[47.3823655,43.6986443],[47.3832433,43.6928186],[47.3860778,43.6905079],[47.3886777,43.6910206],[47.3934758,43.6890723],[47.3928849,43.6813467],[47.3890795,43.6776887],[47.3904031,43.6660635],[47.3842293,43.6610103],[47.3913013,43.6596345],[47.4011265,43.6535179],[47.3738879,43.632392],[47.3981627,43.6280457],[47.4119221,43.6416739],[47.4297814,43.6511513],[47.4570953,43.6821123],[47.485791,43.6861632],[47.5612622,43.6829806],[47.5684117,43.6972098],[47.5393844,43.7002633],[47.5422561,43.7077517],[47.5722037,43.7084931],[47.61354845763969,43.76314094254139],[47.6432119,43.8096303],[47.6586717,43.8304246],[47.6894005,43.8659372],[47.6974167,43.8778388],[47.70036306367796,43.886194196892156],[47.690164,43.8922826],[47.6780442,43.8948271],[47.6737499,43.8988156],[47.6545682,43.8999846],[47.6370539,43.8984153],[47.6034083,43.8907457],[47.580132,43.880659],[47.5659861,43.8704538],[47.5577057,43.8576115],[47.5546564,43.8449554],[47.5578011,43.8378592],[47.5549382,43.8340732],[47.557324,43.8319391],[47.5570377,43.829392],[47.5557971,43.8272577],[47.5529342,43.8274643],[47.555027,43.8246332],[47.551245,43.8053079],[47.5494986,43.7995749],[47.5470174,43.7997126],[47.5457768,43.7963375],[47.5474577,43.7859234],[47.5249001,43.7927085],[47.5172343,43.8028469],[47.4901118,43.8063158],[47.459556,43.8199416],[47.4533762,43.8296016],[47.4695124,43.8590676],[47.4636759,43.8672362],[47.4561228,43.8724338],[47.4386134,43.8724338],[47.4310602,43.8758987],[47.4129865,43.9303807],[47.3902048,43.9688792],[47.3816357,43.9894727],[47.3702921,44.0086482],[47.3390498,44.0306208],[47.2899546,44.0868732],[47.2748484,44.1137469],[47.2511591,44.1765689],[47.2394862,44.2024174],[47.232963,44.2120153],[47.22438,44.2198894],[47.210381,44.2252855],[47.2035789,44.2262388],[47.1873569,44.2213951],[47.1785807,44.2148746],[47.1653413,44.208861],[47.1519947,44.2058924],[47.1427679,44.2054924],[47.1124567,44.2208736],[47.093574,44.2334205],[47.0805277,44.2452269],[47.0362391,44.3327174],[47.0262827,44.3479412],[47.0163264,44.3580063],[47.004607,44.3656447],[46.9490351,44.3739598],[46.9548716,44.3697877],[46.9552149,44.3629155],[46.9589915,44.3582518],[46.9668879,44.3570244],[46.9713511,44.3533422],[46.9651713,44.3467136],[46.9641413,44.3413119],[46.9589915,44.3383654],[46.9528117,44.3408209],[46.9280924,44.3435218],[46.9274058,44.3349275],[46.9225993,44.328788],[46.909553,44.3268233],[46.9007983,44.3237532],[46.8904986,44.3258408],[46.8855204,44.3324718],[46.882727,44.3425798],[46.8796671,44.3459626],[46.889922,44.3624584],[46.88875489614145,44.36286743253157],[46.8848094,44.3585736],[46.8738119,44.3554395],[46.86685,44.3465541],[46.8606773,44.3416241],[46.8563402,44.3408469],[46.8518493,44.3313534],[46.8606428,44.3163659],[46.8575351,44.3085803],[46.8607079,44.2953463],[46.8550806,44.2773793],[46.866899,44.253855],[46.8682373,44.2369362],[46.8492681,44.2347626],[46.8430296,44.2397989],[46.8398013,44.2400742],[46.8380109,44.2385963],[46.8346387,44.2217576],[46.8324278,44.2216178],[46.8323628,44.219614],[46.8305421,44.2187285],[46.8280047,44.2201009],[46.8229991,44.2179829],[46.8109907,44.2216462],[46.8014995,44.2146014],[46.7935782,44.2134984],[46.7709581,44.21407],[46.7617681,44.2238753],[46.7461387,44.2204804],[46.7324837,44.1889908],[46.7331158,44.1853268],[46.7360548,44.1832664],[46.7359869,44.1801279],[46.741831,44.1741736],[46.7401317,44.1733058],[46.7384996,44.1660903],[46.740051,44.1597607],[46.7486473,44.1466143],[46.744303,44.1421682],[46.7437571,44.1379443],[46.7351381,44.1357377],[46.7366822,44.1193737],[46.7405407,44.1157373],[46.7445009,44.1054915],[46.7440982,44.1008161],[46.7372554,44.0873056],[46.7245142,44.087171],[46.7238483,44.0847398],[46.7168614,44.0846571],[46.711292,44.0816241],[46.7025706,44.0717132],[46.7033186,44.0669195],[46.6990765,44.0618783],[46.7030845,44.0546283],[46.7087802,44.0521258],[46.7127592,44.0528215],[46.7134612,44.0465268],[46.7181123,44.0462935],[46.7258152,44.0405416],[46.7263994,44.0327817],[46.7297534,44.0299937],[46.7305,44.0186608],[46.7337587,44.0087559],[46.7355009,44.0083315],[46.7394866,44.0228562],[46.7416224,44.0228068],[46.7444914,44.019655],[46.7431954,44.0156286],[46.7486715,44.0126929],[46.7502137,44.017275],[46.756168,44.0180925],[46.7619566,44.0082646],[46.7663317,44.0087647],[46.7658327,44.0041712],[46.7617404,44.0011574],[46.7515889,44.0020959],[46.7418276,43.9974749],[46.7357,43.9963211],[46.7364566,43.9924783],[46.7299204,43.986063],[46.7220806,43.9874497],[46.7195666,43.9846838],[46.7233676,43.9838311],[46.723113,43.9768177],[46.7279639,43.9700297],[46.7252989,43.9664953],[46.7254486,43.9630254],[46.73,43.9599001],[46.7234125,43.9525066],[46.7238616,43.9490035],[46.7188362,43.9459689],[46.7178625,43.9430943],[46.7052128,43.9416225],[46.7001462,43.9469973],[46.695119,43.9480161]]]]}},{"type":"Feature","properties":{"name":"Кулинский район","sourceName":"Kulinsky District","shapeID":"50074027B46810888329586"},"geometry":{"type":"Polygon","coordinates":[[[47.380216,41.8901444],[47.36956,41.917325],[47.371317,41.9255366],[47.3811287,41.9301327],[47.3808439,41.9397377],[47.3753303,41.9470515],[47.4012138,41.9685899],[47.4023981,41.9829637],[47.3977264,41.9847826],[47.3922594,41.9862645],[47.3855527,41.9923527],[47.3796486,42.0071688],[47.3743316,42.0147139],[47.3672026,42.0184798],[47.3610982,42.0200914],[47.3456995,42.0203991],[47.3166029,42.0154551],[47.3108648,42.021192],[47.3075442,42.0261046],[47.3065919,42.0316986],[47.3175813,42.0370864],[47.3191653,42.0420709],[47.3098207,42.0651513],[47.3027165,42.0757517],[47.3107213,42.0831699],[47.3094633,42.085539],[47.3020835,42.0877102],[47.2993875,42.0912875],[47.3010029,42.1141642],[47.3056088,42.1225382],[47.3047585,42.1257663],[47.3005405,42.125692],[47.2920758,42.1196077],[47.2859645,42.1222046],[47.2640842,42.1387758],[47.2637987,42.1526686],[47.2596505,42.1557323],[47.2557786,42.1559566],[47.2436098,42.1485872],[47.2408073,42.1558621],[47.2289685,42.1647026],[47.2301567,42.1596438],[47.2201817,42.1560063],[47.2201464,42.148852],[47.2149605,42.1409787],[47.2091648,42.1394771],[47.1984819,42.1485202],[47.1759661,42.1496631],[47.176038,42.1460991],[47.173623,42.1452861],[47.1713875,42.1463359],[47.1678167,42.1373195],[47.1705865,42.1356801],[47.1705788,42.1331047],[47.1741921,42.131289],[47.1718979,42.129753],[47.1706553,42.1309464],[47.1694378,42.1302108],[47.1689195,42.1266644],[47.1711248,42.1262599],[47.1678128,42.1238034],[47.1706967,42.1197091],[47.1733902,42.1193064],[47.1696248,42.1072225],[47.1822732,42.1026031],[47.1855483,42.0992642],[47.1822699,42.0943536],[47.1779441,42.0952898],[47.1626102,42.0778045],[47.1533545,42.0863992],[47.1421547,42.0822573],[47.1330413,42.0879769],[47.1114894,42.0750828],[47.1034591,42.0649401],[47.0789648,42.0522384],[47.0865436,42.0396868],[47.1022514,42.0266614],[47.1084402,42.0130028],[47.0983364,41.9933325],[47.082133,41.9897873],[47.0837493,41.9801569],[47.0967011,41.9631191],[47.1069862,41.9629307],[47.1067754,41.9370116],[47.1040591,41.9130586],[47.0890353,41.9056521],[47.0667786,41.8875502],[47.076999,41.886087],[47.0871358,41.8820668],[47.0912757,41.8778355],[47.0906398,41.8714533],[47.0943514,41.8672297],[47.1088526,41.8660052],[47.1330007,41.8719528],[47.1578252,41.8724479],[47.1750148,41.8622132],[47.1780976,41.8522444],[47.1839278,41.847658],[47.1953332,41.8436042],[47.2030127,41.8431374],[47.2186254,41.8495502],[47.2308669,41.8573051],[47.2363666,41.8555997],[47.2372587,41.8443933],[47.2471546,41.83397],[47.2482013,41.8272361],[47.2453593,41.8192995],[47.2471036,41.8080762],[47.2695749,41.7910104],[47.2806321,41.8016608],[47.2917213,41.8011203],[47.3005384,41.796788],[47.3112685,41.7981709],[47.3165872,41.8034984],[47.318526,41.8086697],[47.3185105,41.8160277],[47.3147933,41.819931],[47.3120139,41.8273801],[47.312142,41.8299389],[47.3144771,41.831115],[47.3140056,41.8344713],[47.309828,41.8385908],[47.3099722,41.8443325],[47.3156263,41.8476067],[47.3367798,41.8500167],[47.3457788,41.8569673],[47.3502003,41.8655341],[47.3581408,41.8704548],[47.373902,41.8741658],[47.3800779,41.8771125],[47.380675,41.8806051],[47.3756995,41.8834394],[47.3760777,41.8864596],[47.380216,41.8901444]]]}},{"type":"Feature","properties":{"name":"Кумторкалинский район","sourceName":"Kumtorkalinsky District","shapeID":"50074027B83106891351692"},"geometry":{"type":"Polygon","coordinates":[[[47.4751539,42.8946754],[47.4881585,42.9010127],[47.4419937,42.9229534],[47.413818,42.9427012],[47.4050012,42.9418797],[47.4002216,42.941748],[47.3916526,42.9480334],[47.3857678,42.9487076],[47.3709091,42.9553174],[47.3693897,42.9530624],[47.3779147,42.9460606],[47.3777633,42.9436646],[47.3581492,42.9487126],[47.3520891,42.9541401],[47.3671345,42.9532256],[47.368654,42.9555713],[47.3493757,42.9623817],[47.337047,42.963165],[47.3253034,42.9677587],[47.3332543,43.0011087],[47.3096113,43.0205002],[47.2837671,43.0354946],[47.2962867,43.0443152],[47.3027918,43.0416184],[47.3072779,43.0415057],[47.3112407,43.0435875],[47.3174783,43.0408903],[47.3181375,43.0456582],[47.3240096,43.0470055],[47.3260808,43.0443442],[47.3293371,43.0489304],[47.3322972,43.0490722],[47.3283671,43.0494158],[47.3312602,43.051837],[47.3212998,43.0557834],[47.3218881,43.0589222],[47.312389,43.0633104],[47.3175203,43.0683466],[47.3186154,43.073013],[47.3134908,43.0751614],[47.3090117,43.0845653],[47.2789661,43.0835236],[47.2842173,43.1167743],[47.3128176,43.1273756],[47.3347369,43.1255243],[47.3396694,43.1234414],[47.3391914,43.132537],[47.3543249,43.139713],[47.354957,43.1422574],[47.3613495,43.1442753],[47.3805233,43.1334822],[47.4292859,43.177343],[47.4533614,43.177875],[47.4493703,43.1733057],[47.4786432,43.1727518],[47.4800442,43.1789337],[47.4779046,43.1792023],[47.4820827,43.1809775],[47.4833639,43.1955231],[47.4869527,43.1964206],[47.4977788,43.2264417],[47.4954937,43.2432357],[47.5037439,43.2723106],[47.4914064,43.2781493],[47.4701884,43.2742871],[47.4589818,43.2768529],[47.4503831,43.2705922],[47.4410795,43.2754674],[47.4386831,43.2882949],[47.4300138,43.2956823],[47.4056899,43.3034546],[47.3865971,43.2885514],[47.3796194,43.2921426],[47.3692586,43.2894235],[47.367849,43.293066],[47.371796,43.2973751],[47.3755315,43.3103005],[47.3665866,43.3090744],[47.3576344,43.3042232],[47.3536344,43.3100446],[47.3465869,43.3047776],[47.3406822,43.3025598],[47.3366823,43.3039459],[47.3348988,43.3143113],[47.3287669,43.3157472],[47.3248904,43.3135164],[47.3284497,43.3095418],[47.32773,43.3076884],[47.3242208,43.3062338],[47.3200624,43.3070287],[47.3151588,43.3043618],[47.3155397,43.2971535],[47.3094445,43.2943809],[47.3068471,43.2979243],[47.3119218,43.3048746],[47.3154459,43.3154908],[47.3141772,43.3176446],[47.3104674,43.3189032],[47.305226,43.3171318],[47.29154,43.3036687],[47.2831592,43.3035301],[47.2903972,43.3182214],[47.2860163,43.3219629],[47.2863972,43.3324934],[47.270207,43.3293067],[47.2599214,43.3358185],[47.2477311,43.3240414],[47.2319218,43.3304152],[47.2208743,43.3464851],[47.2092554,43.3444073],[47.2060173,43.3525795],[47.1963032,43.3488398],[47.1871604,43.3410828],[47.1782082,43.3460696],[47.1713511,43.3561804],[47.1629894,43.3452113],[47.1551777,43.3478558],[47.1608751,43.3564574],[47.1551609,43.3559034],[47.1481133,43.3498094],[47.1197328,43.3482858],[47.1106767,43.366149],[47.0871148,43.3664495],[47.0760917,43.3715579],[47.0666482,43.3705214],[47.0625697,43.3674236],[47.0427801,43.3649748],[47.0338017,43.3667004],[47.0293496,43.3592079],[47.0189733,43.353555],[47.0211392,43.3489275],[47.0147037,43.3435822],[47.0153476,43.3383512],[47.0097141,43.3348335],[47.0071467,43.3276093],[47.0000325,43.3290249],[46.9941538,43.3270365],[47.0001014,43.3154922],[46.995298,43.3119525],[46.9910762,43.3108804],[46.9820511,43.3171464],[46.9701324,43.3219582],[46.9672388,43.3214068],[46.9668944,43.3181488],[46.9744403,43.31533],[46.9767624,43.3119396],[46.975419,43.3083427],[46.9652743,43.3102727],[46.9554567,43.304482],[46.9621743,43.2958082],[46.9548214,43.2908951],[46.9563623,43.284487],[46.9814478,43.285268],[46.9890557,43.2781713],[47.0275696,43.2660521],[47.0380813,43.2647891],[47.0306036,43.2529516],[47.0533128,43.2263173],[47.0634119,43.2362815],[47.07998,43.2395709],[47.0836535,43.2372819],[47.0703354,43.2201148],[47.0817144,43.2098511],[47.0851513,43.2035069],[47.0947629,43.2004786],[47.1078995,43.189014],[47.1110557,43.1817132],[47.1188071,43.1771854],[47.0793812,43.1356921],[47.0728187,43.1367905],[47.0476014,43.1066075],[47.0433799,43.1034988],[47.0186162,43.1082725],[46.9931082,43.1087429],[46.9905435,43.1075529],[46.9864774,43.1044948],[46.981081,43.1051469],[46.979209,43.1035065],[46.9980889,43.0942229],[47.0041265,43.0864275],[47.0044157,43.0816116],[47.0102959,43.071934],[47.0211228,43.0621196],[47.0375648,43.0552881],[47.0253209,43.0413978],[47.0129569,43.0407646],[47.0029707,43.031689],[47.0055078,43.0239286],[47.0320118,43.0093319],[47.0342615,43.003562],[47.0256297,43.003283],[47.0271781,42.9798103],[47.0585806,42.9719706],[47.0693443,42.9558477],[47.0692991,42.9570943],[47.0840139,42.9596925],[47.0976581,42.9594434],[47.1099853,42.9491894],[47.1144436,42.9512559],[47.1123501,42.9613221],[47.1128423,42.989963],[47.095668,43.0013804],[47.0913014,43.0165014],[47.09102,43.0225946],[47.0937386,43.0307818],[47.1043134,43.0402571],[47.0951579,43.0473046],[47.1042833,43.0563684],[47.1201856,43.0474849],[47.1310428,43.022573],[47.1329887,43.0110327],[47.1506753,42.994798],[47.1806705,42.9808151],[47.1844684,42.9745157],[47.1819208,42.9704551],[47.1667667,42.969104],[47.1643453,42.9712784],[47.1592824,42.9710368],[47.1604929,42.9685137],[47.1724901,42.9601638],[47.1738108,42.9574251],[47.1562006,42.9183451],[47.1602729,42.9103649],[47.1760258,42.9047717],[47.1819556,42.9416349],[47.1920815,42.9409098],[47.1960613,42.9468994],[47.1918384,42.9620199],[47.19687,42.9644404],[47.2100486,42.9662827],[47.2697052,42.9645754],[47.2735037,42.961377],[47.3035801,42.9584974],[47.3499629,42.9481513],[47.3597471,42.9367595],[47.3923546,42.9264319],[47.4390233,42.9036358],[47.4457907,42.9048243],[47.4751539,42.8946754]],[[47.0922707,43.261309],[47.095227,43.270173],[47.0979414,43.2711885],[47.1001086,43.26647],[47.1029089,43.2658684],[47.1020827,43.261837],[47.0978019,43.258993],[47.0978019,43.2548283],[47.092341,43.2550627],[47.0922707,43.261309]],[[47.0184741,43.2831388],[47.0202547,43.2864851],[47.025124,43.2871728],[47.0269228,43.2851889],[47.0332561,43.2831839],[47.0320101,43.2802818],[47.0292121,43.2789855],[47.0228318,43.2789244],[47.0184741,43.2831388]]]}},{"type":"Feature","properties":{"name":"Курахский район","sourceName":"Kurakhsky District","shapeID":"50074027B60118470024749"},"geometry":{"type":"Polygon","coordinates":[[[47.4736786,41.6694532],[47.4764584,41.6598143],[47.5161127,41.6340053],[47.5209571,41.6255834],[47.5207844,41.6211521],[47.5597908,41.5986687],[47.5802091,41.5921138],[47.6155114,41.5702491],[47.6316924,41.5687708],[47.6803263,41.5487977],[47.6844747,41.5420483],[47.6992414,41.5422568],[47.7312204,41.5307079],[47.7552399,41.5327574],[47.7762399,41.5205445],[47.8025184,41.5112733],[47.8136241,41.4956321],[47.8282623,41.4991736],[47.8307278,41.4947429],[47.8395423,41.4939711],[47.8555791,41.4832485],[47.8523754,41.4788507],[47.8635698,41.483301],[47.8842908,41.4812386],[47.9003932,41.485841],[47.9133948,41.5013585],[47.9516082,41.4938029],[47.968334,41.5003997],[47.9678622,41.5042157],[47.9894695,41.5099391],[47.9948644,41.5083053],[48.0118713,41.5215553],[48.0132943,41.5260969],[48.0196748,41.5276061],[48.031992,41.5231889],[48.0568107,41.5265437],[48.0562259,41.5281807],[48.0611863,41.5316242],[48.0883583,41.5441162],[48.0981584,41.5365884],[48.105858,41.5390606],[48.1027047,41.5403757],[48.0967231,41.5453321],[48.0982614,41.5618518],[48.0950715,41.5590099],[48.0870708,41.5676706],[48.0541693,41.5756456],[48.0522619,41.5815318],[48.0462583,41.5843312],[48.0446301,41.5927024],[48.0248111,41.5891405],[48.0349685,41.5999679],[48.0240546,41.6064639],[48.0117284,41.5967579],[48.0055163,41.59759],[48.0036755,41.6040997],[47.9913288,41.5899804],[47.9834439,41.585385],[47.9797115,41.5799972],[47.965203,41.5834245],[47.9710286,41.5892816],[47.9654723,41.5964752],[47.9543361,41.576982],[47.9476243,41.5796141],[47.9406462,41.5853296],[47.9267283,41.5814647],[47.9123499,41.583533],[47.9165681,41.5922199],[47.896808,41.6011293],[47.8823346,41.6117191],[47.885354,41.618068],[47.8540787,41.6365083],[47.8594799,41.6506132],[47.8202203,41.6725064],[47.8410472,41.7032161],[47.837638,41.705214],[47.8419993,41.7136348],[47.835511,41.715745],[47.8117484,41.714855],[47.7938621,41.7099286],[47.782232,41.7094079],[47.7799378,41.7072302],[47.7746554,41.7070946],[47.7676725,41.6969055],[47.7588949,41.6971586],[47.7574582,41.6993834],[47.74261,41.7007728],[47.733186,41.6923613],[47.7161041,41.6864497],[47.7107872,41.6830854],[47.6996864,41.6910049],[47.7032151,41.6935421],[47.7021273,41.6963447],[47.6977942,41.7015117],[47.6922486,41.7034816],[47.6898197,41.7064053],[47.688236,41.7098667],[47.6935083,41.719512],[47.6740946,41.7240176],[47.6621535,41.7295728],[47.6446694,41.732363],[47.650662,41.7260485],[47.6527985,41.7161433],[47.6431205,41.7100485],[47.6449654,41.7080378],[47.6432711,41.6995096],[47.6493912,41.6919256],[47.6420176,41.6863334],[47.6400245,41.6821941],[47.6324077,41.6836138],[47.6302205,41.6857982],[47.6301705,41.6951322],[47.6280491,41.698198],[47.6187748,41.7034542],[47.6129376,41.7140458],[47.6067272,41.7129398],[47.6036602,41.7163544],[47.6005333,41.7165433],[47.5926631,41.7220478],[47.5920237,41.7120939],[47.5851267,41.7111624],[47.5828349,41.711626],[47.573529,41.7234595],[47.5698695,41.7219513],[47.5628746,41.7229976],[47.5598023,41.7197011],[47.5473805,41.7205584],[47.5543274,41.7092226],[47.5459981,41.708511],[47.5537962,41.7043218],[47.5540117,41.7011056],[47.5583613,41.699729],[47.5682061,41.6872702],[47.5677249,41.684821],[47.5645785,41.6826863],[47.5609869,41.6820592],[47.5563653,41.6849857],[47.5459057,41.6830802],[47.5409644,41.6856205],[47.5367884,41.6904581],[47.5314536,41.6906772],[47.5281701,41.6925854],[47.5115772,41.6880605],[47.5098041,41.6852513],[47.4921278,41.6738895],[47.4736786,41.6694532]]]}},{"type":"Feature","properties":{"name":"Лакский район","sourceName":"Laksky District","shapeID":"50074027B71076922960648"},"geometry":{"type":"MultiPolygon","coordinates":[[[[46.9465105,41.9243356],[47.0005528,41.9040686],[47.0163679,41.9034722],[47.0337006,41.8967726],[47.0667786,41.8875502],[47.0890353,41.9056521],[47.1040591,41.9130586],[47.1067754,41.9370116],[47.1069862,41.9629307],[47.0967011,41.9631191],[47.0837493,41.9801569],[47.082133,41.9897873],[47.0983364,41.9933325],[47.1084402,42.0130028],[47.1022514,42.0266614],[47.0865436,42.0396868],[47.0789648,42.0522384],[47.1034591,42.0649401],[47.1114894,42.0750828],[47.1330413,42.0879769],[47.1421547,42.0822573],[47.1533545,42.0863992],[47.1626102,42.0778045],[47.1779441,42.0952898],[47.1822699,42.0943536],[47.1855483,42.0992642],[47.1822732,42.1026031],[47.1696248,42.1072225],[47.1733902,42.1193064],[47.1706967,42.1197091],[47.1678128,42.1238034],[47.1711248,42.1262599],[47.1689195,42.1266644],[47.1694378,42.1302108],[47.1706553,42.1309464],[47.1718979,42.129753],[47.1741921,42.131289],[47.1705788,42.1331047],[47.1705865,42.1356801],[47.1678167,42.1373195],[47.1713875,42.1463359],[47.173623,42.1452861],[47.176038,42.1460991],[47.1759661,42.1496631],[47.1984819,42.1485202],[47.2091648,42.1394771],[47.2149605,42.1409787],[47.2201464,42.148852],[47.2201817,42.1560063],[47.2301567,42.1596438],[47.2289685,42.1647026],[47.2408073,42.1558621],[47.2435163,42.1822207],[47.2365087,42.1940638],[47.2484595,42.2165735],[47.2613586,42.2158118],[47.2655921,42.218038],[47.2656989,42.2225429],[47.2359017,42.2449876],[47.2279271,42.2484456],[47.2135557,42.2601737],[47.2076927,42.2721847],[47.1848444,42.2984622],[47.1661184,42.3120053],[47.1602925,42.3054877],[47.1485859,42.3068061],[47.1459546,42.3023827],[47.1438006,42.3267015],[47.1322929,42.3273968],[47.1338819,42.3345311],[47.0988249,42.3371426],[47.0940479,42.335477],[47.0899649,42.3212535],[47.0905508,42.3129315],[47.0937295,42.3048818],[47.0978954,42.3006499],[47.0981878,42.2964889],[47.0959302,42.2933335],[47.0911439,42.2918225],[47.0790956,42.2920417],[47.0748345,42.2933976],[47.0700592,42.2922052],[47.0686637,42.2890337],[47.0744674,42.2822158],[47.0803961,42.2792313],[47.0807211,42.2760287],[47.0706907,42.2720546],[47.0696839,42.2675974],[47.077846,42.2671301],[47.0875809,42.2621582],[47.0896364,42.2592437],[47.0886285,42.2547867],[47.0803631,42.2520599],[47.0671887,42.2570933],[47.0609908,42.2517704],[47.0633522,42.2450149],[47.0692049,42.2397946],[47.0736518,42.2310831],[47.0739666,42.227561],[47.0697429,42.2167685],[47.06445,42.2127081],[47.0579516,42.2112266],[47.0511417,42.2144669],[47.0443605,42.2296286],[47.0346521,42.233578],[47.0205368,42.2351553],[46.9995265,42.2345533],[46.9673042,42.2038136],[46.9677978,42.2021446],[46.9701366,42.2022877],[46.9864628,42.2041836],[46.9978199,42.2071809],[47.0018172,42.2056203],[47.0015932,42.2030613],[46.9634419,42.1833853],[46.9490651,42.1802024],[46.9403074,42.1749164],[46.9353583,42.1676475],[46.9487763,42.142805],[46.9475651,42.1313171],[46.9410385,42.1144847],[46.930887,42.1053853],[46.9314832,42.0967438],[46.935579,42.0902811],[46.9411556,42.0901869],[46.9558682,42.0940929],[46.9631512,42.0936488],[46.9706454,42.0861676],[46.97437,42.0678817],[46.9740531,42.0576573],[46.9468948,42.03926],[46.9399492,42.0365005],[46.932859,42.0289477],[46.9313731,42.0081932],[46.9342558,42.0043084],[46.9218375,41.9904508],[46.9296025,41.9637864],[46.9267642,41.9548828],[46.9201704,41.9492389],[46.9215562,41.9383463],[46.9362349,41.9281892],[46.9465105,41.9243356]]],[[[47.1430066,43.5434045],[47.1450987,43.5424838],[47.1551486,43.543892],[47.1536355,43.5465999],[47.1472096,43.5475477],[47.1430066,43.5434045]]],[[[47.1763203,43.3914487],[47.1769024,43.3881706],[47.1833249,43.3841317],[47.1902711,43.3858279],[47.2001871,43.3911938],[47.1883951,43.3939431],[47.1839971,43.3910403],[47.1763203,43.3914487]]],[[[47.1441206,43.6018958],[47.1486598,43.5979187],[47.1466237,43.5925613],[47.1490148,43.5910055],[47.1532738,43.5989062],[47.1504158,43.602518],[47.1462128,43.6032214],[47.1441206,43.6018958]]],[[[47.2312242,43.5394213],[47.2347005,43.5366449],[47.2380569,43.5367101],[47.2411856,43.5413981],[47.2391598,43.5429926],[47.234281,43.5429622],[47.2312242,43.5394213]]],[[[47.2818512,43.5755513],[47.2828002,43.5737407],[47.2887791,43.5735001],[47.2865014,43.5763763],[47.2818512,43.5755513]]],[[[47.243834,43.4520273],[47.2568199,43.4477212],[47.2604104,43.4481576],[47.2610747,43.449593],[47.2468393,43.4546912],[47.2440238,43.4543008],[47.243834,43.4520273]]],[[[47.1662227,43.5897204],[47.1666746,43.5883717],[47.1748679,43.5885092],[47.1760858,43.5955087],[47.1686992,43.5949474],[47.1662227,43.5897204]]]]}},{"type":"Feature","properties":{"name":"Левашинский район","sourceName":"Levashinsky District","shapeID":"50074027B79943879791576"},"geometry":{"type":"Polygon","coordinates":[[[47.0832541,42.5908581],[47.1039768,42.5873683],[47.1082477,42.5763456],[47.1198334,42.5652943],[47.1401491,42.5677125],[47.1583466,42.5735142],[47.1649226,42.5502183],[47.1500501,42.5438311],[47.149446,42.5371752],[47.1552137,42.5301217],[47.1445325,42.5253217],[47.1945114,42.504651],[47.1967975,42.494884],[47.1844468,42.4959536],[47.169779,42.4734523],[47.1509287,42.4818642],[47.1344769,42.4616142],[47.1364528,42.4535209],[47.1277547,42.4514603],[47.1096363,42.4592962],[47.0996092,42.4511461],[47.0895791,42.4541076],[47.0677782,42.4642264],[47.0551129,42.4555644],[47.0667004,42.4359153],[47.0666857,42.4253799],[47.1147029,42.3928546],[47.0947862,42.3674284],[47.0977401,42.3661242],[47.0862426,42.3388134],[47.0940479,42.335477],[47.0988249,42.3371426],[47.1338819,42.3345311],[47.1322929,42.3273968],[47.1438006,42.3267015],[47.1459546,42.3023827],[47.1485859,42.3068061],[47.1602925,42.3054877],[47.1661184,42.3120053],[47.1848444,42.2984622],[47.1994175,42.3078114],[47.197928,42.3128032],[47.1927878,42.3179306],[47.1822529,42.3218201],[47.1787855,42.3250087],[47.1808568,42.3386817],[47.186051,42.3495536],[47.1992139,42.3499597],[47.2105573,42.3603026],[47.2161309,42.3620548],[47.2257377,42.356917],[47.2525505,42.3486857],[47.2792305,42.3383411],[47.2826286,42.3336874],[47.3211013,42.319775],[47.3324489,42.3177626],[47.3452543,42.3275718],[47.3615891,42.316251],[47.3729285,42.3226212],[47.38144,42.3305484],[47.3839632,42.3353996],[47.3923743,42.336316],[47.398385,42.3335849],[47.4098289,42.3372416],[47.4308155,42.3293342],[47.4411759,42.327315],[47.4597093,42.3178208],[47.501731,42.3187137],[47.5096526,42.3200539],[47.5115558,42.3224106],[47.5278919,42.3402414],[47.5301674,42.3515452],[47.5233604,42.3635901],[47.505183,42.3739913],[47.4900009,42.3772959],[47.4891015,42.3729901],[47.481848,42.3739585],[47.482178,42.3823317],[47.4857999,42.3817125],[47.4860114,42.396306],[47.5000515,42.3916751],[47.4956785,42.4101532],[47.508234,42.4231253],[47.5217116,42.4225591],[47.5251619,42.4176171],[47.5477946,42.417927],[47.5496861,42.4105859],[47.5707366,42.4168738],[47.579582,42.4273496],[47.5727572,42.4442184],[47.544851,42.4453919],[47.5344123,42.4472901],[47.5323095,42.4464193],[47.5266555,42.4493236],[47.5248261,42.4612139],[47.5291981,42.4615071],[47.5317945,42.4638974],[47.537116,42.4638024],[47.5371589,42.4704346],[47.5401844,42.472872],[47.5398644,42.4849984],[47.5366186,42.4873278],[47.530935,42.4867833],[47.5350756,42.4951074],[47.5284328,42.4941503],[47.5220191,42.4845787],[47.4976495,42.4761505],[47.4932063,42.4722143],[47.4939254,42.4638663],[47.4973752,42.4555621],[47.5053378,42.4477972],[47.4990406,42.4495074],[47.4925176,42.4482366],[47.4923363,42.4524252],[47.4891443,42.4558275],[47.4873544,42.4625585],[47.4828496,42.4621079],[47.4764358,42.463685],[47.4722132,42.4624382],[47.4706329,42.465938],[47.4636847,42.4630091],[47.4579727,42.4626666],[47.4668748,42.4683055],[47.4597924,42.4745335],[47.4641682,42.4820955],[47.4677509,42.5023741],[47.4533006,42.5088427],[47.449941,42.5024821],[47.4351284,42.5116007],[47.4280275,42.5103624],[47.4271112,42.5136268],[47.4189414,42.5111504],[47.4177089,42.5093555],[47.4126803,42.5157655],[47.4171852,42.5289336],[47.4119545,42.5398525],[47.3771008,42.5305069],[47.363637,42.5285422],[47.3523011,42.5346867],[47.3512067,42.5457086],[47.3465584,42.5604258],[47.3615897,42.5737393],[47.3782362,42.5728681],[47.3785502,42.5855697],[47.3725366,42.5917591],[47.3643402,42.5912275],[47.3629618,42.5925769],[47.3618287,42.5897296],[47.3574001,42.5881837],[47.3531243,42.5842767],[47.3523608,42.5807629],[47.3450266,42.5771638],[47.3349903,42.574747],[47.3082635,42.5725486],[47.296905,42.5785768],[47.2762028,42.5830162],[47.2614761,42.5791832],[47.2174627,42.590136],[47.1986739,42.5852501],[47.1722466,42.585674],[47.1571525,42.5879526],[47.1410499,42.5954962],[47.1313297,42.6025861],[47.1046563,42.6079181],[47.0949262,42.6079612],[47.0747896,42.6052051],[47.0804512,42.5928236],[47.0832541,42.5908581]]]}},{"type":"Feature","properties":{"name":"Магарамкентский район","sourceName":"Magaramkentsky District","shapeID":"50074027B43665227447845"},"geometry":{"type":"Polygon","coordinates":[[[48.3646428,41.8318334],[48.3666926,41.817491],[48.3709594,41.8154674],[48.3880345,41.8134583],[48.3885026,41.8074186],[48.3977885,41.8113718],[48.4129459,41.8115985],[48.402288,41.7837959],[48.3706926,41.7549124],[48.3571893,41.7582013],[48.353675,41.7515702],[48.3467431,41.7546458],[48.3303211,41.7438072],[48.3135786,41.7220421],[48.3292813,41.7137283],[48.3111704,41.6982264],[48.2865455,41.6818782],[48.2389667,41.6672916],[48.239031,41.6521303],[48.2138394,41.6384039],[48.210607,41.6278703],[48.2067227,41.5954842],[48.1952206,41.5679217],[48.1948206,41.5487295],[48.1893735,41.5481868],[48.1763374,41.5545255],[48.169134,41.548568],[48.1651099,41.5501438],[48.1586913,41.5481861],[48.1596821,41.5424045],[48.1572021,41.5418441],[48.1518564,41.5466652],[48.1329941,41.5392223],[48.1212814,41.5415998],[48.1157891,41.5491772],[48.1027047,41.5403757],[48.105858,41.5390606],[48.0981584,41.5365884],[48.0883583,41.5441162],[48.0611863,41.5316242],[48.0562259,41.5281807],[48.0568107,41.5265437],[48.0696244,41.5130626],[48.0885128,41.5016982],[48.0885616,41.4985266],[48.0990589,41.4977135],[48.1195408,41.4993954],[48.1381648,41.5081343],[48.1673782,41.5123622],[48.2029665,41.5122831],[48.232866,41.5200212],[48.252321,41.5284019],[48.2595195,41.5355582],[48.259546,41.5413894],[48.2844654,41.5608481],[48.2919288,41.5639559],[48.3144089,41.564105],[48.3216481,41.5680806],[48.3486872,41.5763908],[48.3553435,41.5820557],[48.3773438,41.5910141],[48.3866702,41.5976606],[48.3960939,41.6086997],[48.4011855,41.6103507],[48.4069595,41.6158344],[48.4127726,41.623155],[48.4177274,41.6354611],[48.4155384,41.6379072],[48.4201739,41.6582815],[48.4273266,41.6601184],[48.4339995,41.664984],[48.4366074,41.6700925],[48.4534551,41.6853726],[48.456653,41.6903946],[48.4751727,41.7049756],[48.4745202,41.7065797],[48.478867,41.7101443],[48.4833759,41.7190257],[48.4911189,41.7277451],[48.5115822,41.7412773],[48.515913,41.7472339],[48.5331081,41.7612471],[48.5425429,41.7718012],[48.5543804,41.7802638],[48.5555695,41.7824065],[48.5532645,41.7882852],[48.5570018,41.7975935],[48.5558526,41.8009229],[48.5581086,41.8023652],[48.5662552,41.8028045],[48.5793446,41.816775],[48.5766898,41.8243384],[48.5858771,41.8384789],[48.5920872,41.8424876],[48.5759103,41.8522136],[48.573247,41.8524465],[48.5564722,41.8669054],[48.5518374,41.8729134],[48.5338129,41.8862057],[48.5248865,41.8894005],[48.4994807,41.9042225],[48.48721445548004,41.90831609853072],[48.4875292,41.8924483],[48.4807106,41.886627],[48.4762186,41.8774654],[48.4768635,41.868345],[48.4701142,41.857656],[48.4675868,41.8447869],[48.4559847,41.8341823],[48.445546,41.8374638],[48.4364533,41.8341237],[48.4287813,41.8344897],[48.4298756,41.8309778],[48.422469,41.828978],[48.4194748,41.8230742],[48.4120988,41.8247136],[48.3954206,41.824158],[48.3646428,41.8318334]]]}},{"type":"Feature","properties":{"name":"Махачкала","sourceName":"Makhachkala Urban Okrug","shapeID":"50074027B80443359996263"},"geometry":{"type":"MultiPolygon","coordinates":[[[[47.4922214,42.8988568],[47.5197262,42.8963201],[47.5229502,42.8984737],[47.5239221,42.901959],[47.5285647,42.89425],[47.5303964,42.895271],[47.5377829,42.894848],[47.5403342,42.8956763],[47.5384967,42.9019831],[47.5487116,42.8997591],[47.555747,42.8884718],[47.5623085,42.8854231],[47.5676389,42.8850377],[47.5783335,42.8895297],[47.5971009,42.8928006],[47.594106,42.9090845],[47.5811399,42.9213364],[47.5897636,42.9268043],[47.6088388,42.9116761],[47.6113853,42.9139907],[47.6146043,42.912324],[47.62024035923919,42.91738583883577],[47.6170699,42.9216228],[47.6004925,42.9284104],[47.5954942,42.9319207],[47.5744357,42.954497],[47.5510691,42.9670172],[47.5402644,42.970789],[47.5274401,42.9788324],[47.5281751,42.9772802],[47.5163874,42.9825597],[47.5121422,42.9857033],[47.5067769,42.9942928],[47.5088615,42.9890451],[47.507805,42.9876778],[47.5009064,42.9899048],[47.5053474,42.9916935],[47.5036335,42.9930215],[47.4984432,42.9919273],[47.4905533,42.9951276],[47.4842987,42.9951512],[47.4776986,42.9991534],[47.4739842,42.9997517],[47.4756324,43.0003049],[47.4743424,43.0037174],[47.4695723,43.0044275],[47.4685955,43.0060497],[47.4653057,43.0149283],[47.4645416,43.0250935],[47.462739014964086,43.0268425613884],[47.4491821,43.0255137],[47.4464878,43.030681],[47.4294422,43.0346472],[47.4280842,43.0327228],[47.4240741,43.0345707],[47.426432,43.0307401],[47.4210928,43.0270845],[47.4205801,43.0219967],[47.4086895,43.026069],[47.4129735,43.0327641],[47.4091265,43.0343915],[47.4108086,43.038326],[47.3966546,43.0415212],[47.3982684,43.0446344],[47.3862593,43.0526506],[47.3898947,43.0559169],[47.3959605,43.0572903],[47.4065621,43.0553492],[47.4124665,43.0779206],[47.4142757,43.0777258],[47.4257219,43.0855253],[47.4262892,43.0877297],[47.412961,43.0894431],[47.3957739,43.1192689],[47.4018433,43.1240609],[47.3805233,43.1334822],[47.3613495,43.1442753],[47.354957,43.1422574],[47.3543249,43.139713],[47.3391914,43.132537],[47.3396694,43.1234414],[47.3347369,43.1255243],[47.3128176,43.1273756],[47.2842173,43.1167743],[47.2789661,43.0835236],[47.3090117,43.0845653],[47.3134908,43.0751614],[47.3186154,43.073013],[47.3175203,43.0683466],[47.312389,43.0633104],[47.3218881,43.0589222],[47.3212998,43.0557834],[47.3312602,43.051837],[47.3283671,43.0494158],[47.3322972,43.0490722],[47.3293371,43.0489304],[47.3260808,43.0443442],[47.3240096,43.0470055],[47.3181375,43.0456582],[47.3174783,43.0408903],[47.3112407,43.0435875],[47.3072779,43.0415057],[47.3027918,43.0416184],[47.2962867,43.0443152],[47.2837671,43.0354946],[47.3096113,43.0205002],[47.3332543,43.0011087],[47.3253034,42.9677587],[47.337047,42.963165],[47.3493757,42.9623817],[47.368654,42.9555713],[47.3671345,42.9532256],[47.3520891,42.9541401],[47.3581492,42.9487126],[47.3777633,42.9436646],[47.3779147,42.9460606],[47.3693897,42.9530624],[47.3709091,42.9553174],[47.3857678,42.9487076],[47.3916526,42.9480334],[47.4002216,42.941748],[47.4050012,42.9418797],[47.4059715,42.9459769],[47.4041845,42.9471409],[47.403788,42.9524103],[47.4010744,42.9539611],[47.4065619,42.9591994],[47.4134778,42.9554121],[47.4126647,42.9543329],[47.4268031,42.950655],[47.4271828,42.9526839],[47.4192845,42.9566118],[47.4177737,42.9598906],[47.426637,42.9557076],[47.4364859,42.9424327],[47.4430963,42.9377879],[47.4530618,42.9322724],[47.4802119,42.9239264],[47.4848663,42.9209644],[47.4923596,42.9188457],[47.4966389,42.9191748],[47.5203488,42.9075687],[47.5189715,42.9024772],[47.5227982,42.902108],[47.5229153,42.8995504],[47.5190797,42.8965991],[47.4993172,42.8983715],[47.4881585,42.9010127],[47.4751539,42.8946754],[47.4618897,42.8893672],[47.4538612,42.8804789],[47.4390888,42.8891428],[47.4271744,42.8837603],[47.4254844,42.8814366],[47.42727,42.8764856],[47.414196,42.8754255],[47.4170806,42.8673406],[47.4216963,42.873732],[47.426568,42.8581383],[47.4331282,42.8559157],[47.4450357,42.8573503],[47.4512581,42.8605689],[47.4542831,42.8598853],[47.4677412,42.844969],[47.475723,42.839815],[47.4845235,42.8493753],[47.4792711,42.860918],[47.4724311,42.871482],[47.4692547,42.8733827],[47.4742139,42.8792489],[47.4779171,42.8776778],[47.4785408,42.8910451],[47.4821954,42.896271],[47.4867122,42.8993284],[47.4922214,42.8988568]]],[[[47.4914064,43.2781493],[47.5037439,43.2723106],[47.4954937,43.2432357],[47.4977788,43.2264417],[47.4869527,43.1964206],[47.4833639,43.1955231],[47.4820827,43.1809775],[47.4779046,43.1792023],[47.4800442,43.1789337],[47.4786432,43.1727518],[47.4760779,43.1478193],[47.4673828,43.1056571],[47.4642059,43.1000778],[47.4601043,43.0750742],[47.4625358,43.0741158],[47.4635611,43.0710625],[47.4602156,43.0713237],[47.4580184,43.0495965],[47.4543347,43.0420802],[47.46320350398782,43.043043461455795],[47.4630451,43.0559497],[47.4726622,43.1112136],[47.4817388,43.1518806],[47.4883778,43.1710681],[47.504703,43.2014504],[47.5484718,43.2571852],[47.5560961,43.2826369],[47.5557699,43.3006794],[47.5470238,43.3299713],[47.5357499,43.3448694],[47.5157826,43.3599066],[47.5345182,43.3436523],[47.5463996,43.3270685],[47.5477236,43.3183684],[47.5457985,43.3185244],[47.5440352,43.3160896],[47.5513175,43.3078023],[47.5522632,43.3040035],[47.5473453,43.3062828],[47.5467779,43.3093908],[47.5434678,43.3074569],[47.5436569,43.3043489],[47.5415763,43.3068353],[47.5425198,43.3092536],[47.5406315,43.3080669],[47.5379708,43.3104715],[47.5361104,43.3085182],[47.5391173,43.3073188],[47.5378879,43.3063519],[47.5408197,43.3058684],[47.5413871,43.3020005],[47.5441298,43.2999283],[47.5423329,43.2988922],[47.5437515,43.2958527],[47.5465887,43.2990994],[47.5490477,43.2992375],[47.5515066,43.2959909],[47.5468725,43.2916388],[47.5452647,43.2915697],[47.5439406,43.2941948],[47.54186,43.2928823],[47.5402522,43.2844536],[47.5376041,43.281068],[47.540536,43.2930895],[47.5402522,43.3039345],[47.5347521,43.3061619],[47.5319297,43.3041965],[47.5333483,43.3005357],[47.5293761,43.2961148],[47.5308893,43.2932825],[47.5291238,43.2898205],[47.5252149,43.292799],[47.5243637,43.29197],[47.5180272,43.2934898],[47.5138659,43.291141],[47.5110287,43.2932135],[47.5091372,43.2878939],[47.5127108,43.2798204],[47.5108395,43.2793263],[47.4974099,43.2848539],[47.4875741,43.2988089],[47.4814268,43.3240163],[47.4838857,43.3747444],[47.4861677,43.378136],[47.48417,43.3803802],[47.4849123,43.384358],[47.4899035,43.3798702],[47.4945641,43.3798079],[47.4962335,43.375862],[47.510623,43.3645564],[47.4888091,43.3911543],[47.4863352,43.4013343],[47.4877307,43.409096],[47.5017871,43.4709199],[47.5268246,43.5465482],[47.5426723,43.5746805],[47.5613371,43.5930703],[47.5629255,43.596912],[47.5613512,43.6036686],[47.5536976,43.6147625],[47.5528813,43.6241223],[47.5737109,43.6741081],[47.5817789,43.7012928],[47.61354845763969,43.76314094254139],[47.5722037,43.7084931],[47.5422561,43.7077517],[47.5393844,43.7002633],[47.5684117,43.6972098],[47.5612622,43.6829806],[47.5501532,43.6594683],[47.5377973,43.6057074],[47.5240196,43.5690348],[47.4916624,43.4651001],[47.4795129,43.3697649],[47.4712843,43.327112],[47.4914064,43.2781493]]],[[[47.7939619,43.9498959],[47.8035781,43.9565592],[47.8051746,43.9601481],[47.7920522,43.9714942],[47.7888361,43.9703765],[47.7787677,43.9776424],[47.7218201,43.9966737],[47.6943425,43.9997393],[47.6653596,43.9987251],[47.6475251,43.9932398],[47.6384528,43.9838209],[47.6346623,43.9681021],[47.6355614,43.9559606],[47.639251,43.9540683],[47.6362341,43.9566912],[47.6351773,43.9668311],[47.6459829,43.9531101],[47.6445929,43.9516786],[47.6471807,43.9470742],[47.6526116,43.9445103],[47.6568581,43.947516],[47.696425,43.9580613],[47.7443711,43.9737674],[47.746167,43.9752499],[47.7457571,43.9784521],[47.7538957,43.976851],[47.7569977,43.9747343],[47.761077,43.9745862],[47.766803,43.976633],[47.7673456,43.974465],[47.7606501,43.9706088],[47.7551631,43.9641351],[47.7585709,43.958334],[47.7637288,43.9542232],[47.7519855,43.9633395],[47.7451237,43.9649969],[47.7334725,43.9551515],[47.7307937,43.9450256],[47.7342913,43.9393808],[47.754568,43.9352833],[47.7640231,43.9360394],[47.7939619,43.9498959]]],[[[47.6840096,43.9085911],[47.6791172,43.9038913],[47.681735,43.898851],[47.7004461,43.890996],[47.7084284,43.8909032],[47.7127628,43.8943361],[47.7158957,43.8939031],[47.7195177,43.8963122],[47.7006049,43.9077393],[47.6885457,43.9063479],[47.6840096,43.9085911]]],[[[47.7180414,43.9190714],[47.7151232,43.9180513],[47.7176123,43.9161037],[47.7167111,43.9149599],[47.7036519,43.9173542],[47.6996737,43.9150836],[47.7028923,43.9099515],[47.7154236,43.9048499],[47.7201872,43.9071688],[47.7227492,43.913088],[47.7223201,43.917076],[47.7180414,43.9190714]]]]}},{"type":"Feature","properties":{"name":"Новолакский район","sourceName":"Novolaksky District","shapeID":"50074027B66646923650930"},"geometry":{"type":"MultiPolygon","coordinates":[[[[47.462739014964086,43.0268425613884],[47.46320350398782,43.043043461455795],[47.4543347,43.0420802],[47.4580184,43.0495965],[47.4602156,43.0713237],[47.4635611,43.0710625],[47.4625358,43.0741158],[47.4601043,43.0750742],[47.4642059,43.1000778],[47.4673828,43.1056571],[47.4760779,43.1478193],[47.4786432,43.1727518],[47.4493703,43.1733057],[47.4533614,43.177875],[47.4292859,43.177343],[47.3805233,43.1334822],[47.4018433,43.1240609],[47.3957739,43.1192689],[47.412961,43.0894431],[47.4262892,43.0877297],[47.4257219,43.0855253],[47.4142757,43.0777258],[47.4124665,43.0779206],[47.4065621,43.0553492],[47.3959605,43.0572903],[47.3898947,43.0559169],[47.3862593,43.0526506],[47.3982684,43.0446344],[47.3966546,43.0415212],[47.4108086,43.038326],[47.4091265,43.0343915],[47.4129735,43.0327641],[47.4086895,43.026069],[47.4205801,43.0219967],[47.4210928,43.0270845],[47.426432,43.0307401],[47.4240741,43.0345707],[47.4280842,43.0327228],[47.4294422,43.0346472],[47.4464878,43.030681],[47.4491821,43.0255137],[47.462739014964086,43.0268425613884]]],[[[46.3921707,43.2028402],[46.4218944,43.2011536],[46.4230579,43.198439],[46.4211852,43.1908804],[46.4368393,43.1862372],[46.4242576,43.1731788],[46.4072726,43.1597262],[46.3861927,43.1483129],[46.3990712,43.1296006],[46.4213908,43.123785],[46.4244238,43.1201618],[46.4194167,43.1165208],[46.4251386,43.1109803],[46.4176057,43.1065393],[46.4314202,43.088564],[46.4330158,43.0829614],[46.4574779,43.0873034],[46.486767,43.0870766],[46.4907868,43.0915663],[46.5044513,43.0859518],[46.5051879,43.0829839],[46.5308316,43.079486],[46.5273464,43.0941055],[46.5402745,43.1026321],[46.5391697,43.1160841],[46.5511867,43.1199315],[46.5603568,43.1481589],[46.595245,43.137849],[46.597814,43.1708822],[46.5899274,43.1838308],[46.571623,43.1797907],[46.5373512,43.1913451],[46.5369644,43.1954884],[46.5563192,43.2130522],[46.5543077,43.2214783],[46.5476765,43.2303026],[46.5566281,43.2399792],[46.5592228,43.2411016],[46.5650973,43.2403302],[46.5651729,43.2451238],[46.5535644,43.2486371],[46.5439351,43.2479101],[46.5386086,43.2515519],[46.535319,43.2380656],[46.5221458,43.2399466],[46.4731484,43.2414576],[46.420594,43.2399594],[46.4104917,43.2431312],[46.409609,43.2330213],[46.4036124,43.2250443],[46.4028363,43.21932],[46.3930239,43.2081209],[46.3921707,43.2028402]]]]}},{"type":"Feature","properties":{"name":"Ногайский район","sourceName":"Nogaysky District","shapeID":"50074027B38457968521001"},"geometry":{"type":"Polygon","coordinates":[[[46.4306032,44.9344815],[46.4129456,44.937641],[46.4040238,44.9422876],[46.3832065,44.9473058],[46.3688947,44.9465622],[46.3679654,44.9445176],[46.3623893,44.9437741],[46.358672,44.9408001],[46.3473338,44.9510228],[46.325959,44.9497214],[46.2488234,44.9657052],[46.239881,44.97093],[46.2261473,44.9729538],[46.223731,44.9727679],[46.2133226,44.9642178],[46.200312,44.9584557],[46.1941783,44.9582698],[46.1750338,44.9623586],[46.1614654,44.9631019],[46.1597927,44.9584552],[46.1174145,44.9697927],[46.0830289,44.968677],[46.0796834,44.9649596],[46.0767095,44.9647737],[46.0666725,44.971279],[46.0386062,44.977784],[46.0319149,44.9807579],[46.028941,44.9813154],[46.0255954,44.9792708],[46.016302,44.9796425],[46.0105401,44.9807576],[45.9993878,44.9872629],[45.9824738,44.9891213],[45.9742957,44.98243],[45.9692774,44.9807571],[45.9490176,44.9863329],[45.9308026,44.9846599],[45.9116581,44.9870759],[45.8813616,44.9880049],[45.8782019,44.9857744],[45.8741128,44.9854026],[45.8692801,44.9874471],[45.8460467,44.985774],[45.8296902,44.9902347],[45.8137055,44.9917214],[45.8014606,44.9875115],[45.7936318,44.9876321],[45.7973494,44.9768517],[45.7834095,44.9684875],[45.7488379,44.9753642],[45.734712,44.9727619],[45.7217012,44.9748063],[45.7142665,44.9742486],[45.7096197,44.9775941],[45.7051159,44.9773628],[45.6134741,44.8739849],[45.6555365,44.8036917],[45.5219162,44.6793978],[45.4977626,44.6624259],[45.4123297,44.5941606],[45.3843154,44.6068143],[45.3475074,44.6022576],[45.3425734,44.5935828],[45.3351321,44.5965273],[45.3136443,44.5919111],[45.2607203,44.5893439],[45.2522051,44.5729492],[45.2394718,44.5567733],[45.2681234,44.517956],[45.2648607,44.504327],[45.2311166,44.5067937],[45.2267404,44.4675183],[45.3584139,44.4646549],[45.3727394,44.4546273],[45.3866669,44.4520807],[45.3977296,44.4362832],[45.4290863,44.4288026],[45.4259037,44.3940636],[45.3715098,44.2901445],[45.2176724,44.2708631],[45.2168767,44.2639391],[45.1366723,44.2537973],[45.1034215,44.1909081],[45.1147647,44.1927015],[45.1666746,44.1917497],[45.2908122,44.1840741],[45.2906621,44.1804619],[45.3105758,44.1805809],[45.3107864,44.1836089],[45.3673878,44.1808086],[45.395012,44.1769381],[45.4611521,44.1750626],[45.5029861,44.1756877],[45.5026409,44.1296143],[45.4900155,44.1295594],[45.4906809,44.0076503],[45.5230396,44.0011689],[45.5463944,43.9987591],[45.7107493,43.961883],[45.7151247,43.9529351],[45.7213405,43.9530352],[45.7958093,43.9523821],[45.7958089,43.9705762],[45.8588196,43.9713796],[45.8861114,43.9511791],[45.9962802,43.9400433],[46.0711977,43.9305458],[46.0580213,43.8853949],[46.0347434,43.8879365],[46.0026361,43.8809795],[46.0440427,43.8198426],[46.0782907,43.8171674],[46.0790928,43.8411141],[46.0951466,43.8402112],[46.0948785,43.8610809],[46.2158834,43.8592094],[46.2501308,43.8819524],[46.2520022,43.9449294],[46.3588932,43.9438604],[46.3547459,43.9472049],[46.3575552,43.9510845],[46.3523377,43.9533587],[46.3512673,43.9597802],[46.3425713,43.9710175],[46.3453806,43.9773053],[46.3453805,43.9794458],[46.3406981,43.9826564],[46.3404305,43.9857333],[46.3441763,43.9870712],[46.343106,43.9889441],[46.3356142,43.992021],[46.3325371,43.9971045],[46.3253129,43.9984423],[46.3210815,44.0085956],[46.3090486,44.0093162],[46.3083263,44.0135998],[46.3003803,44.0174714],[46.2996716,44.0250768],[46.3140096,44.0343444],[46.3101402,44.0404384],[46.3011797,44.0476249],[46.3045519,44.0495631],[46.3116665,44.047539],[46.3170384,44.0495354],[46.3223385,44.0541439],[46.3295273,44.0559548],[46.3364034,44.055702],[46.347981,44.0602687],[46.3486388,44.0640987],[46.3524628,44.068417],[46.3650147,44.0735647],[46.3753515,44.0742916],[46.3909935,44.0712463],[46.4030342,44.0727482],[46.4066777,44.0774007],[46.4125934,44.0773438],[46.4168806,44.0795564],[46.4244241,44.0886124],[46.4330762,44.0902451],[46.4342128,44.0923347],[46.4333443,44.0971344],[46.4252692,44.1077369],[46.4256448,44.1142967],[46.422001,44.1165146],[46.3946507,44.1194116],[46.3725262,44.1146574],[46.362825,44.1225405],[46.3603233,44.1309845],[46.3660568,44.1458026],[46.3575156,44.1653216],[46.3661138,44.1872252],[46.3666508,44.2493531],[46.4278318,44.2473102],[46.4313328,44.280275],[46.4252004,44.2874711],[46.4290545,44.2977786],[46.4149662,44.3115457],[46.4328751,44.3436834],[46.4306032,44.9344815]],[[45.6221564,44.6609566],[45.6354983,44.6725704],[45.6508423,44.6738477],[45.6653992,44.6698511],[45.667404,44.6555271],[45.6527489,44.6473722],[45.6248053,44.6544746],[45.6221564,44.6609566]]]}},{"type":"Feature","properties":{"name":"Рутульский район","sourceName":"Rutulsky District","shapeID":"50074027B82465357673201"},"geometry":{"type":"MultiPolygon","coordinates":[[[[46.7630491,41.8716453],[46.7599041,41.8616888],[46.760651,41.8488085],[46.7633481,41.846628],[46.7649327,41.8404386],[46.7708757,41.8332832],[46.7740688,41.8253034],[46.7837283,41.8166146],[46.7808578,41.8118653],[46.7703182,41.8106532],[46.7659415,41.8010102],[46.7715889,41.7952616],[46.7932058,41.780257],[46.7922704,41.7736363],[46.7957411,41.7726789],[46.8077925,41.7614619],[46.8187948,41.7613121],[46.8236472,41.7632211],[46.8312098,41.7600581],[46.8316033,41.7478341],[46.8391729,41.745576],[46.8526131,41.7359328],[46.8583779,41.7336581],[46.8587842,41.7278445],[46.8641528,41.7200804],[46.8689586,41.7189732],[46.8723823,41.7204676],[46.8767766,41.7268633],[46.8889745,41.728909],[46.8981659,41.7328298],[46.9033803,41.730825],[46.905346,41.7282208],[46.9149742,41.7265823],[46.928705,41.7103362],[46.9294215,41.7070453],[46.925333,41.6914132],[46.9211854,41.6861357],[46.9274145,41.6766516],[46.936639,41.6788068],[46.9408315,41.6780513],[46.9443068,41.6653456],[46.9553309,41.657561],[46.95622,41.6549618],[46.9846296,41.6443509],[46.9904799,41.6446177],[46.9995115,41.6413435],[47.0011866,41.6342478],[47.0033081,41.631592],[47.0070232,41.6307097],[47.0089189,41.6273125],[47.0088616,41.6228298],[47.005288,41.6176621],[47.0003054,41.6141058],[46.9959766,41.6014412],[46.9910621,41.5998101],[46.9943644,41.5924279],[46.9972868,41.5911162],[46.998766,41.587244],[47.0025313,41.5857353],[47.0074589,41.5791343],[47.0163024,41.5799603],[47.022685,41.5761663],[47.0215594,41.5715014],[47.0156426,41.5644587],[47.0152114,41.5593061],[47.0186459,41.5558645],[47.0307661,41.5647892],[47.0415626,41.5581036],[47.0453786,41.5587304],[47.0514284,41.5546212],[47.0582228,41.5580339],[47.0654586,41.5556561],[47.0725274,41.5589733],[47.0679825,41.5706227],[47.0752774,41.5783729],[47.0856724,41.5792798],[47.1027615,41.5917252],[47.1128639,41.5948054],[47.1115815,41.5843738],[47.1241199,41.5831322],[47.1154731,41.5695016],[47.1213948,41.5665485],[47.1293937,41.5517428],[47.1475538,41.5420713],[47.1472133,41.5387623],[47.1565389,41.5356938],[47.1579497,41.5311322],[47.1730683,41.5300024],[47.1718586,41.5219162],[47.1567514,41.5066032],[47.158089,41.4991218],[47.1727301,41.4939073],[47.1830001,41.485963],[47.1919382,41.4883051],[47.1982015,41.4751367],[47.1944339,41.4702332],[47.2002373,41.4686736],[47.20968,41.4517763],[47.2160897,41.4494104],[47.2172782,41.445949],[47.2280072,41.4494828],[47.2421247,41.4463479],[47.2358664,41.4344005],[47.2275526,41.4281872],[47.2230791,41.4218582],[47.2225638,41.4187183],[47.2280738,41.4136551],[47.2287158,41.4084281],[47.2243031,41.4018327],[47.2189885,41.4012046],[47.2187646,41.4000375],[47.2227326,41.3979147],[47.2270043,41.400693],[47.2346745,41.4015911],[47.2429439,41.3959544],[47.2529477,41.3987841],[47.2591888,41.3965746],[47.2644441,41.3869817],[47.2640817,41.3841694],[47.2606622,41.3811139],[47.2652773,41.3707943],[47.3028833,41.3729183],[47.3307523,41.3701392],[47.3572879,41.3712617],[47.3699311,41.3748827],[47.391808,41.3893989],[47.407093,41.4046034],[47.4241808,41.4086797],[47.4239189,41.4214365],[47.4270692,41.4269141],[47.4332265,41.4339912],[47.4458443,41.4364955],[47.4554348,41.4368455],[47.4651324,41.4205603],[47.4786726,41.4086268],[47.4938063,41.3999836],[47.508456,41.3980017],[47.5196407,41.401638],[47.5280341,41.4092154],[47.5494147,41.4098521],[47.5584216,41.4329367],[47.5580379,41.460665],[47.5553137,41.4851189],[47.5659615,41.5120468],[47.5620054,41.5426265],[47.5737782,41.5789528],[47.5597908,41.5986687],[47.5207844,41.6211521],[47.5209571,41.6255834],[47.5161127,41.6340053],[47.4764584,41.6598143],[47.4736786,41.6694532],[47.471861,41.6718482],[47.4746723,41.6756644],[47.4746271,41.6810411],[47.4624672,41.6892864],[47.46031,41.6924568],[47.4525805,41.6948758],[47.4486601,41.7083116],[47.4452947,41.7112716],[47.4322234,41.7198506],[47.4279235,41.720706],[47.4275944,41.7312668],[47.4221194,41.7367719],[47.4175131,41.7392196],[47.4146948,41.7385635],[47.4099687,41.7403232],[47.4069388,41.7511735],[47.4043999,41.753785],[47.4022263,41.7684601],[47.3956559,41.7697097],[47.3907719,41.7742004],[47.3894611,41.7804633],[47.3808193,41.7861926],[47.3787208,41.7860493],[47.3760184,41.7905533],[47.3544193,41.7824743],[47.3492757,41.7824047],[47.3323891,41.7945866],[47.3318385,41.804352],[47.318526,41.8086697],[47.3165872,41.8034984],[47.3112685,41.7981709],[47.3005384,41.796788],[47.2917213,41.8011203],[47.2806321,41.8016608],[47.2695749,41.7910104],[47.2471036,41.8080762],[47.2453593,41.8192995],[47.2482013,41.8272361],[47.2471546,41.83397],[47.2372587,41.8443933],[47.2363666,41.8555997],[47.2308669,41.8573051],[47.2186254,41.8495502],[47.2030127,41.8431374],[47.1953332,41.8436042],[47.1839278,41.847658],[47.1780976,41.8522444],[47.1750148,41.8622132],[47.1578252,41.8724479],[47.1330007,41.8719528],[47.1088526,41.8660052],[47.0943514,41.8672297],[47.0906398,41.8714533],[47.0912757,41.8778355],[47.0871358,41.8820668],[47.076999,41.886087],[47.0667786,41.8875502],[47.0337006,41.8967726],[47.0163679,41.9034722],[47.0005528,41.9040686],[46.9465105,41.9243356],[46.9363274,41.9152304],[46.9302923,41.9120057],[46.9139059,41.9100625],[46.8868904,41.8999764],[46.877021,41.8923768],[46.8738277,41.8846675],[46.8670732,41.8820056],[46.8582554,41.8849206],[46.834859,41.8969392],[46.8223448,41.9004648],[46.8178472,41.898873],[46.8094692,41.8912439],[46.8055425,41.8835442],[46.7904948,41.8760184],[46.7630491,41.8716453]]],[[[47.0131953,43.4797312],[47.0235814,43.4785926],[47.0269251,43.4817643],[47.0293722,43.4799887],[47.0293348,43.4846512],[47.0186872,43.4840278],[47.0145403,43.4859388],[47.0131953,43.4797312]]],[[[47.0380187,43.4860372],[47.0409702,43.4840584],[47.0417921,43.4804531],[47.0503849,43.477959],[47.0528693,43.4780403],[47.0563251,43.483313],[47.0591645,43.4826488],[47.0613127,43.4853867],[47.0610138,43.4868504],[47.0546439,43.4871079],[47.0555032,43.4898591],[47.0515991,43.4921494],[47.0423338,43.491404],[47.0380187,43.4860372]]],[[[46.9949742,43.4859108],[46.9972994,43.483363],[47.005635,43.4854517],[47.0053503,43.4898928],[47.0013486,43.4937714],[46.9966825,43.4925436],[46.9949742,43.4859108]]],[[[47.08957,43.5089205],[47.092783,43.505696],[47.1007594,43.5043682],[47.0990968,43.5080399],[47.0939038,43.5106817],[47.0902986,43.5109933],[47.08957,43.5089205]]],[[[47.12743,43.5239879],[47.1307737,43.5217259],[47.136359,43.5223625],[47.1342669,43.5260331],[47.1294101,43.5266019],[47.12743,43.5239879]]]]}},{"type":"Feature","properties":{"name":"Сергокалинский район","sourceName":"Sergokalinsky District","shapeID":"50074027B56929828542337"},"geometry":{"type":"MultiPolygon","coordinates":[[[[47.704023,42.2262587],[47.7075831,42.2290516],[47.7130731,42.2266842],[47.7179548,42.2201753],[47.7325778,42.2102379],[47.7369422,42.2117321],[47.7367886,42.2181289],[47.7292623,42.2231032],[47.7211089,42.2335261],[47.7462943,42.2489083],[47.7491146,42.2220584],[47.7512092,42.2217801],[47.7541339,42.2225857],[47.755262,42.2344462],[47.7587991,42.2355692],[47.7638491,42.2342338],[47.7690369,42.2399553],[47.7612929,42.2549321],[47.7688753,42.2614416],[47.7533289,42.2673317],[47.7667472,42.2745485],[47.7657042,42.2780953],[47.7765773,42.2854153],[47.7860723,42.2951368],[47.7921912,42.2981851],[47.793634,42.3027206],[47.7796696,42.3011667],[47.7709169,42.3027803],[47.7745676,42.3132007],[47.7594175,42.3278316],[47.7504693,42.3309419],[47.7406209,42.3524138],[47.7277259,42.3508761],[47.728331,42.3438813],[47.7107559,42.3459963],[47.6994869,42.351752],[47.6865107,42.3621605],[47.6919119,42.3671355],[47.6927879,42.3692676],[47.689696,42.3725036],[47.6969104,42.3762724],[47.7009395,42.387934],[47.7127936,42.3885019],[47.7164773,42.4020937],[47.7231283,42.4125789],[47.7329305,42.4172199],[47.7426699,42.429963],[47.7628185,42.4387105],[47.7845764,42.441175],[47.8505838,42.4743753],[47.8403231,42.4949251],[47.8381241,42.5049808],[47.7962882,42.4945635],[47.770309,42.4782646],[47.7467439,42.4787909],[47.7466904,42.4730841],[47.7396326,42.4717399],[47.7374605,42.4763011],[47.7190103,42.4736435],[47.7097055,42.4755433],[47.7075094,42.4746296],[47.7058475,42.4682536],[47.7019187,42.4634309],[47.6943667,42.4762233],[47.6875309,42.482855],[47.6800101,42.4992635],[47.6732005,42.5081461],[47.6592347,42.5058591],[47.6428756,42.5055984],[47.6363573,42.5074695],[47.6261708,42.5054718],[47.6231572,42.503316],[47.6141116,42.506769],[47.6037851,42.5033581],[47.5992952,42.5076217],[47.5916792,42.506473],[47.5885948,42.5087546],[47.5809073,42.5079441],[47.5780591,42.5044187],[47.5763353,42.504412],[47.5797862,42.5002604],[47.5695761,42.4923566],[47.5568104,42.4860221],[47.5398644,42.4849984],[47.5401844,42.472872],[47.5371589,42.4704346],[47.537116,42.4638024],[47.5317945,42.4638974],[47.5291981,42.4615071],[47.5248261,42.4612139],[47.5266555,42.4493236],[47.5323095,42.4464193],[47.5344123,42.4472901],[47.544851,42.4453919],[47.5727572,42.4442184],[47.579582,42.4273496],[47.5707366,42.4168738],[47.5496861,42.4105859],[47.5477946,42.417927],[47.5251619,42.4176171],[47.5217116,42.4225591],[47.508234,42.4231253],[47.4956785,42.4101532],[47.5000515,42.3916751],[47.4860114,42.396306],[47.4857999,42.3817125],[47.482178,42.3823317],[47.481848,42.3739585],[47.4891015,42.3729901],[47.4900009,42.3772959],[47.505183,42.3739913],[47.5233604,42.3635901],[47.5301674,42.3515452],[47.5278919,42.3402414],[47.5115558,42.3224106],[47.5389613,42.3150127],[47.5462771,42.3101172],[47.5501052,42.3040772],[47.5496995,42.2911338],[47.5452747,42.288618],[47.5355518,42.2895684],[47.526386,42.2879779],[47.5182917,42.2828979],[47.5192956,42.2783344],[47.5237309,42.275518],[47.5374765,42.2712376],[47.5372481,42.2583793],[47.5349804,42.2539388],[47.5274369,42.2485343],[47.5523394,42.2265454],[47.5559981,42.2211836],[47.5630373,42.2195864],[47.5677675,42.2247608],[47.5695835,42.2376806],[47.5762325,42.2423315],[47.5865985,42.2430581],[47.5993494,42.2389295],[47.6061326,42.2310952],[47.606166,42.2162139],[47.61893,42.2125629],[47.623545,42.2148574],[47.6323501,42.2247359],[47.6458194,42.2225057],[47.6638244,42.2360092],[47.6844336,42.2345683],[47.6886451,42.2272694],[47.704023,42.2262587]]],[[[48.0392278,42.313552],[48.0377739,42.3188699],[48.0313795,42.3260092],[48.0190199,42.3174895],[48.0184405,42.3184415],[47.9997723,42.3152365],[47.988432,42.3117695],[47.9979699,42.3039938],[48.0050617,42.2951378],[47.9985385,42.2939791],[47.9978535,42.2924825],[48.001445,42.2848195],[47.9965822,42.2771238],[48.0018071,42.2720788],[47.9996989,42.2709197],[48.0007503,42.2661244],[48.0070321,42.2578706],[48.0165271,42.2575569],[48.0183715,42.2588168],[48.0217303,42.2613616],[48.0271523,42.262433],[48.0298131,42.2667205],[48.0420931,42.2724438],[48.0338507,42.292243],[48.0509176,42.2963643],[48.0515282,42.297836],[48.0392278,42.313552]]]]}},{"type":"Feature","properties":{"name":"Сулейман-Стальский район","sourceName":"Suleyman-Stalsky District","shapeID":"50074027B8472367264626"},"geometry":{"type":"Polygon","coordinates":[[[48.3561681,41.8362022],[48.3464247,41.8363153],[48.3229583,41.8181215],[48.3094871,41.8102162],[48.3040386,41.7870636],[48.2925736,41.7819543],[48.2695782,41.7758201],[48.2039612,41.795652],[48.1854829,41.8057081],[48.1457137,41.8003722],[48.1568848,41.7891985],[48.1499535,41.7829699],[48.1427762,41.7817571],[48.148424,41.7746721],[48.1402676,41.7732161],[48.1289286,41.773994],[48.1185787,41.7726575],[48.1190542,41.7755486],[48.1225285,41.777785],[48.1175182,41.7804304],[48.100737,41.7768015],[48.0977478,41.7509433],[48.0914753,41.745933],[48.0873404,41.7255675],[48.0565101,41.7353933],[48.0330897,41.7043964],[48.0371322,41.7008217],[48.0320941,41.6857203],[48.0238459,41.6829257],[48.0091076,41.6834546],[47.9732583,41.6928957],[47.9382704,41.6827016],[47.9113018,41.669336],[47.8913992,41.6645618],[47.8750219,41.6660112],[47.8833343,41.6698251],[47.8773324,41.6716325],[47.8654145,41.6845182],[47.8656417,41.6973541],[47.8596017,41.7008517],[47.8562049,41.7066282],[47.8523363,41.7089527],[47.8410472,41.7032161],[47.8202203,41.6725064],[47.8594799,41.6506132],[47.8540787,41.6365083],[47.885354,41.618068],[47.8823346,41.6117191],[47.896808,41.6011293],[47.9165681,41.5922199],[47.9123499,41.583533],[47.9267283,41.5814647],[47.9406462,41.5853296],[47.9476243,41.5796141],[47.9543361,41.576982],[47.9654723,41.5964752],[47.9710286,41.5892816],[47.965203,41.5834245],[47.9797115,41.5799972],[47.9834439,41.585385],[47.9913288,41.5899804],[48.0036755,41.6040997],[48.0055163,41.59759],[48.0117284,41.5967579],[48.0240546,41.6064639],[48.0349685,41.5999679],[48.0248111,41.5891405],[48.0446301,41.5927024],[48.0462583,41.5843312],[48.0522619,41.5815318],[48.0541693,41.5756456],[48.0870708,41.5676706],[48.0950715,41.5590099],[48.0982614,41.5618518],[48.0967231,41.5453321],[48.1027047,41.5403757],[48.1157891,41.5491772],[48.1212814,41.5415998],[48.1329941,41.5392223],[48.1518564,41.5466652],[48.1572021,41.5418441],[48.1596821,41.5424045],[48.1586913,41.5481861],[48.1651099,41.5501438],[48.169134,41.548568],[48.1763374,41.5545255],[48.1893735,41.5481868],[48.1948206,41.5487295],[48.1952206,41.5679217],[48.2067227,41.5954842],[48.210607,41.6278703],[48.2138394,41.6384039],[48.239031,41.6521303],[48.2389667,41.6672916],[48.2865455,41.6818782],[48.3111704,41.6982264],[48.3292813,41.7137283],[48.3135786,41.7220421],[48.3303211,41.7438072],[48.3467431,41.7546458],[48.353675,41.7515702],[48.3571893,41.7582013],[48.3706926,41.7549124],[48.402288,41.7837959],[48.4129459,41.8115985],[48.3977885,41.8113718],[48.3885026,41.8074186],[48.3880345,41.8134583],[48.3709594,41.8154674],[48.3666926,41.817491],[48.3646428,41.8318334],[48.3561681,41.8362022]]]}},{"type":"Feature","properties":{"name":"Табасаранский район","sourceName":"Tabasaransky District","shapeID":"50074027B15853700614625"},"geometry":{"type":"Polygon","coordinates":[[[47.7325481,41.8789619],[47.7385811,41.8903871],[47.744999,41.8979638],[47.754985,41.8988802],[47.7730414,41.8956755],[47.7985746,41.8816652],[47.7970948,41.8766915],[47.8109299,41.87081],[47.8338967,41.8702451],[47.8541257,41.8745249],[47.8611239,41.8800827],[47.8660123,41.8883346],[47.8941816,41.8979904],[47.9028229,41.8859511],[47.9021088,41.8804501],[47.9285,41.8468047],[47.9381775,41.8476661],[47.9418505,41.8630936],[47.94701,41.8624069],[47.9628691,41.8364987],[47.9984323,41.8361294],[48.0120703,41.8424243],[48.0164868,41.841754],[48.0152781,41.8318076],[48.0219146,41.8310787],[48.0387639,41.8112318],[48.0401329,41.8244998],[48.0526633,41.8230585],[48.0521634,41.8125393],[48.0683383,41.8098906],[48.0781399,41.804019],[48.0813227,41.8113951],[48.0863479,41.7995654],[48.0812455,41.798338],[48.0807217,41.7876804],[48.096564,41.7857353],[48.109197,41.7913116],[48.1254785,41.7906799],[48.1457137,41.8003722],[48.1854829,41.8057081],[48.2039612,41.795652],[48.2695782,41.7758201],[48.2925736,41.7819543],[48.3040386,41.7870636],[48.3094871,41.8102162],[48.3229583,41.8181215],[48.3464247,41.8363153],[48.3561681,41.8362022],[48.3557499,41.8413894],[48.3063644,41.8773516],[48.2974453,41.8783178],[48.2997417,41.871767],[48.2795682,41.8539416],[48.2672773,41.8537841],[48.256082,41.8507158],[48.2458665,41.8507486],[48.2305699,41.8533878],[48.2169192,41.8620883],[48.1774702,41.8774208],[48.163173,41.8913167],[48.1529209,41.8950981],[48.1345239,41.9191927],[48.1778526,41.9253854],[48.1751285,41.9322793],[48.1908809,41.9339515],[48.2011532,41.9229745],[48.2086552,41.9212718],[48.2086459,41.9196109],[48.2036073,41.9198835],[48.2049684,41.9177641],[48.2204276,41.9150813],[48.227455,41.9079925],[48.22926,41.9098409],[48.2246291,41.9201309],[48.2096269,41.9242735],[48.2025538,41.9287103],[48.1997361,41.9344609],[48.176578,41.9447429],[48.1643441,41.9577964],[48.1580042,41.9737967],[48.1514267,41.9822838],[48.1526756,41.9828438],[48.1474618,41.9912353],[48.1379014,42.0005611],[48.1070482,41.9990319],[48.1065432,41.9900575],[48.099008,41.9936425],[48.0989432,42.0013451],[48.0868716,41.9993278],[48.0866692,42.0408909],[48.0811354,42.0465123],[48.0712182,42.0655774],[48.0727852,42.0747654],[48.0771778,42.0812046],[48.0743027,42.0992439],[48.0899141,42.1131151],[48.091589,42.1222355],[48.0809092,42.1161096],[48.0624663,42.1185888],[48.0584487,42.1141852],[48.0517299,42.098729],[48.0266109,42.0913029],[48.0235464,42.0890725],[48.0163819,42.1006141],[48.0046265,42.1007212],[48.0092257,42.10769],[48.0064179,42.110559],[47.9750129,42.081341],[47.9599181,42.0770773],[47.9683557,42.0599445],[47.9526026,42.0280423],[47.9467391,42.0256518],[47.9371806,42.0288501],[47.9261147,42.0223085],[47.9032456,42.0280065],[47.8797804,42.0154137],[47.8524339,41.9829786],[47.8421774,41.9757358],[47.836973,41.9624069],[47.8156596,41.9637559],[47.7932948,41.9489415],[47.7732729,41.9473607],[47.753973,41.9391506],[47.7079926,41.923823],[47.6925864,41.913403],[47.6774293,41.9069149],[47.6820319,41.9039408],[47.6930919,41.9044536],[47.7012592,41.901134],[47.7086714,41.8998402],[47.7154446,41.9005929],[47.7269772,41.897207],[47.7306971,41.8953119],[47.7325481,41.8789619]]]}},{"type":"Feature","properties":{"name":"Тарумовский район","sourceName":"Tarumovsky District","shapeID":"50074027B33311431944008"},"geometry":{"type":"Polygon","coordinates":[[[46.4306032,44.9344815],[46.4328751,44.3436834],[46.4149662,44.3115457],[46.4290545,44.2977786],[46.4252004,44.2874711],[46.4313328,44.280275],[46.4278318,44.2473102],[46.3666508,44.2493531],[46.3661138,44.1872252],[46.3575156,44.1653216],[46.3660568,44.1458026],[46.3603233,44.1309845],[46.362825,44.1225405],[46.3725262,44.1146574],[46.3946507,44.1194116],[46.422001,44.1165146],[46.4256448,44.1142967],[46.4252692,44.1077369],[46.4333443,44.0971344],[46.4342128,44.0923347],[46.4330762,44.0902451],[46.4244241,44.0886124],[46.4168806,44.0795564],[46.4125934,44.0773438],[46.4066777,44.0774007],[46.4030342,44.0727482],[46.3909935,44.0712463],[46.3753515,44.0742916],[46.3650147,44.0735647],[46.3524628,44.068417],[46.3486388,44.0640987],[46.347981,44.0602687],[46.3364034,44.055702],[46.3295273,44.0559548],[46.3223385,44.0541439],[46.3170384,44.0495354],[46.3116665,44.047539],[46.3045519,44.0495631],[46.3011797,44.0476249],[46.3101402,44.0404384],[46.3140096,44.0343444],[46.2996716,44.0250768],[46.3003803,44.0174714],[46.3083263,44.0135998],[46.3090486,44.0093162],[46.3210815,44.0085956],[46.4401773,44.0021263],[46.4360836,43.9940288],[46.4285381,43.9888514],[46.427666,43.9865828],[46.4292346,43.9846954],[46.4364991,43.985019],[46.4375353,43.9835727],[46.4348298,43.9803152],[46.4410393,43.9765615],[46.4340774,43.9741449],[46.4326058,43.9728915],[46.4336847,43.9705615],[46.4367229,43.9692294],[46.4410378,43.9702947],[46.4448368,43.9682204],[46.4532185,43.967808],[46.4598443,43.9588045],[46.4923959,43.9482666],[46.4993152,43.9363284],[46.4976827,43.9171316],[46.503012,43.9100591],[46.5050263,43.9038523],[46.5092078,43.9038043],[46.5204832,43.8981128],[46.525455,43.9000304],[46.5388861,43.8970073],[46.5498304,43.9012291],[46.5595316,43.8998064],[46.5664131,43.9026072],[46.5735771,43.8991397],[46.5775651,43.8979674],[46.5798861,43.898814],[46.583519,43.8969682],[46.5954925,43.9004295],[46.6019101,43.899308],[46.6075995,43.9035246],[46.6342249,43.8892994],[46.6405729,43.8873138],[46.6480942,43.8876109],[46.6382708,43.8938868],[46.6321201,43.9098504],[46.6369173,43.9183105],[46.6429016,43.92199],[46.643949,43.9293586],[46.6537286,43.9354268],[46.6541433,43.9373007],[46.6495697,43.9422974],[46.6489466,43.9487073],[46.6505478,43.9505843],[46.6541518,43.9524634],[46.6722137,43.9473408],[46.6932071,43.943767],[46.6948418,43.9479609],[46.6932869,43.9550743],[46.6900289,43.9841079],[46.6909319,43.9910387],[46.7035136,43.9891337],[46.7010703,43.9846929],[46.702529,43.9753901],[46.7058944,43.9710694],[46.6991605,43.9704469],[46.6997985,43.9633824],[46.6984033,43.9619564],[46.6967309,43.9614878],[46.6953124,43.9638093],[46.6928639,43.9622183],[46.695119,43.9480161],[46.7001462,43.9469973],[46.7052128,43.9416225],[46.7178625,43.9430943],[46.7188362,43.9459689],[46.7238616,43.9490035],[46.7234125,43.9525066],[46.73,43.9599001],[46.7254486,43.9630254],[46.7252989,43.9664953],[46.7279639,43.9700297],[46.723113,43.9768177],[46.7233676,43.9838311],[46.7195666,43.9846838],[46.7220806,43.9874497],[46.7299204,43.986063],[46.7364566,43.9924783],[46.7357,43.9963211],[46.7418276,43.9974749],[46.7515889,44.0020959],[46.7617404,44.0011574],[46.7658327,44.0041712],[46.7663317,44.0087647],[46.7619566,44.0082646],[46.756168,44.0180925],[46.7502137,44.017275],[46.7486715,44.0126929],[46.7431954,44.0156286],[46.7444914,44.019655],[46.7416224,44.0228068],[46.7394866,44.0228562],[46.7355009,44.0083315],[46.7337587,44.0087559],[46.7305,44.0186608],[46.7297534,44.0299937],[46.7263994,44.0327817],[46.7258152,44.0405416],[46.7181123,44.0462935],[46.7134612,44.0465268],[46.7127592,44.0528215],[46.7087802,44.0521258],[46.7030845,44.0546283],[46.6990765,44.0618783],[46.7033186,44.0669195],[46.7025706,44.0717132],[46.711292,44.0816241],[46.7168614,44.0846571],[46.7238483,44.0847398],[46.7245142,44.087171],[46.7372554,44.0873056],[46.7440982,44.1008161],[46.7445009,44.1054915],[46.7405407,44.1157373],[46.7366822,44.1193737],[46.7351381,44.1357377],[46.7437571,44.1379443],[46.744303,44.1421682],[46.7486473,44.1466143],[46.740051,44.1597607],[46.7384996,44.1660903],[46.7401317,44.1733058],[46.741831,44.1741736],[46.7359869,44.1801279],[46.7360548,44.1832664],[46.7331158,44.1853268],[46.7324837,44.1889908],[46.7461387,44.2204804],[46.7617681,44.2238753],[46.7709581,44.21407],[46.7935782,44.2134984],[46.8014995,44.2146014],[46.8109907,44.2216462],[46.8229991,44.2179829],[46.8280047,44.2201009],[46.8305421,44.2187285],[46.8323628,44.219614],[46.8324278,44.2216178],[46.8346387,44.2217576],[46.8380109,44.2385963],[46.8398013,44.2400742],[46.8430296,44.2397989],[46.8492681,44.2347626],[46.8682373,44.2369362],[46.866899,44.253855],[46.8550806,44.2773793],[46.8607079,44.2953463],[46.8575351,44.3085803],[46.8606428,44.3163659],[46.8518493,44.3313534],[46.8563402,44.3408469],[46.8606773,44.3416241],[46.86685,44.3465541],[46.8738119,44.3554395],[46.8848094,44.3585736],[46.88875489614145,44.36286743253157],[46.8790882,44.3662553],[46.8544497,44.3603383],[46.8415751,44.3620565],[46.8341936,44.3609519],[46.8068995,44.3695423],[46.7746271,44.3704013],[46.7614092,44.3856153],[46.7456164,44.4105135],[46.7396082,44.4168897],[46.7100825,44.4328271],[46.6954912,44.4431228],[46.6958346,44.4483925],[46.6833033,44.4573376],[46.6798701,44.4679965],[46.6889681,44.5166106],[46.6887965,44.5613928],[46.6980662,44.6044295],[46.7049326,44.656471],[46.6973795,44.6767375],[46.6978945,44.6868681],[46.703216,44.6855256],[46.7018427,44.6783243],[46.7069926,44.669291],[46.7167773,44.6630645],[46.7231287,44.6562268],[46.723987,44.6530519],[46.7318835,44.6528077],[46.7303385,44.6684364],[46.7253603,44.6749065],[46.7322268,44.6846712],[46.7495646,44.6963868],[46.7674174,44.7135897],[46.7916216,44.7165173],[46.8046679,44.7150535],[46.8177141,44.7213964],[46.8402018,44.7289581],[46.8657793,44.7440787],[46.8819155,44.7596828],[46.899425,44.7790602],[46.9073214,44.7917313],[46.9073214,44.7986748],[46.9045748,44.8042777],[46.8950267575438,44.8121003608434],[46.8869125,44.8105127],[46.8727867,44.8014049],[46.8649803,44.7993603],[46.8601477,44.7991743],[46.8231597,44.8086532],[46.8136805,44.8077237],[46.8077328,44.8038204],[46.8099634,44.7950846],[46.8166547,44.794713],[46.8250189,44.7889511],[46.8229746,44.7804012],[46.828179,44.7742676],[46.8369149,44.7701786],[46.8376584,44.7685058],[46.8348705,44.7659036],[46.8320824,44.7657177],[46.8296662,44.7621861],[46.8207446,44.7597697],[46.8179566,44.7603273],[46.8125664,44.7629294],[46.8129379,44.77055],[46.7978824,44.7776128],[46.795466,44.7835606],[46.7921204,44.7839323],[46.7872877,44.7883931],[46.7703736,44.7922961],[46.7657268,44.7969428],[46.7560616,44.7988013],[46.7551321,44.8028904],[46.7594071,44.8045633],[46.7620091,44.810697],[46.7679568,44.8132992],[46.7727892,44.819433],[46.7698152,44.8263101],[46.74305,44.8328151],[46.740076,44.8356031],[46.7246489,44.8391345],[46.7187011,44.8385768],[46.7123815,44.8428517],[46.7077348,44.8419223],[46.6900772,44.8465688],[46.6770662,44.8588359],[46.6661,44.8584641],[46.6644271,44.8601369],[46.6577359,44.8592074],[46.6519739,44.8623671],[46.6393348,44.8642257],[46.6350599,44.8610659],[46.627856,44.8665781],[46.5848748,44.8898749],[46.5750236,44.8999117],[46.5746518,44.9028856],[46.5705625,44.9073464],[46.5116418,44.9296499],[46.5045787,44.9342965],[46.484505,44.930393],[46.4707507,44.935783],[46.4493757,44.9391284],[46.4343204,44.9387565],[46.4306032,44.9344815]]]}},{"type":"Feature","properties":{"name":"Тляратинский район","sourceName":"Tlyaratinsky District","shapeID":"50074027B33840805886085"},"geometry":{"type":"MultiPolygon","coordinates":[[[[46.5468046,42.1821203],[46.529642,42.1984645],[46.5218111,42.2146826],[46.4800456,42.2346771],[46.4774315,42.2508247],[46.4052401,42.2836821],[46.4071196,42.3008842],[46.3778766,42.3156862],[46.3717558,42.3268726],[46.3639853,42.3311326],[46.3239543,42.3327132],[46.3044179,42.3476618],[46.2895027,42.3508866],[46.2703826,42.3499887],[46.2590212,42.3437241],[46.215491,42.3197453],[46.1808431,42.3087165],[46.1421542,42.2804922],[46.1095535,42.2144828],[46.1000358,42.2032097],[46.1029712,42.195143],[46.1169339,42.183643],[46.127719,42.1613622],[46.1339822,42.1574198],[46.146299,42.1586833],[46.1623137,42.1787571],[46.1736594,42.167554],[46.1936615,42.1612494],[46.204469,42.1614136],[46.2302783,42.1666835],[46.2466855,42.167338],[46.2610597,42.1594195],[46.2693663,42.1462999],[46.2635764,42.1361077],[46.2709622,42.132977],[46.2726303,42.1046849],[46.2680617,42.0808968],[46.2296183,42.0555361],[46.2242186,42.0156648],[46.244797,42.007163],[46.2565038,42.0061291],[46.258221,41.997551],[46.249774,41.994259],[46.245231,41.982111],[46.247588,41.980766],[46.262001,41.982559],[46.267753,41.970219],[46.275469,41.965852],[46.278757,41.961169],[46.284083,41.950784],[46.281459,41.946425],[46.282439,41.945439],[46.31145,41.936276],[46.3200475,41.9292699],[46.32381,41.932061],[46.3242017,41.934772],[46.330749,41.936972],[46.330727,41.943283],[46.338853,41.946056],[46.344239,41.942724],[46.3563121,41.9394241],[46.3563646,41.9336634],[46.3604947,41.9324306],[46.375744,41.935639],[46.380404,41.937992],[46.391301,41.937402],[46.399361,41.940573],[46.404596,41.921787],[46.41213,41.922038],[46.4531841,41.893094],[46.4766983,41.8827374],[46.4808422,41.8818087],[46.5071298,41.8895432],[46.5123509,41.8875108],[46.5193689,41.8876967],[46.5370359,41.8804545],[46.5384346,41.8717067],[46.5418052,41.8691208],[46.5515978,41.8671492],[46.551355,41.8640021],[46.5539293,41.8602761],[46.5545395,41.8569469],[46.5507593,41.8497976],[46.5520988,41.8368605],[46.5553967,41.8352212],[46.5524051,41.8316151],[46.5547354,41.8226604],[46.5642394,41.8195618],[46.5668539,41.8130381],[46.5715337,41.8135718],[46.5736901,41.8122981],[46.5754417,41.8088165],[46.5818645,41.8054115],[46.582208,41.8032352],[46.5853267,41.8027586],[46.5973057,41.8118192],[46.6050233,41.8118381],[46.6133257,41.8171874],[46.6213112,41.8241756],[46.6184035,41.8293491],[46.6242822,41.8345913],[46.6313232,41.8340027],[46.6354104,41.8297801],[46.6459203,41.8289355],[46.6502033,41.8312772],[46.6650023,41.8339655],[46.6661159,41.8389415],[46.6710006,41.8348437],[46.6779037,41.8327923],[46.6934205,41.8343956],[46.7009087,41.8325696],[46.7074689,41.8291915],[46.708564,41.8265798],[46.7150938,41.8284749],[46.7219034,41.8283145],[46.7215852,41.8312388],[46.7154187,41.8395659],[46.7163808,41.8473683],[46.7228896,41.84849],[46.7330236,41.8558142],[46.7518877,41.8588012],[46.7561331,41.8622645],[46.7599041,41.8616888],[46.7630491,41.8716453],[46.7683729,41.8807964],[46.7655136,41.8847211],[46.7567817,41.8909534],[46.7486689,41.8927405],[46.738982,41.8912244],[46.7391474,41.8973202],[46.7437033,41.9011319],[46.745368,41.9077593],[46.7311601,41.9312588],[46.7152193,41.9459123],[46.6825138,41.9447331],[46.6729218,41.9470909],[46.6663418,41.9510673],[46.6730667,41.9526327],[46.6738961,41.9559469],[46.6748253,41.9914142],[46.6727274,41.9964343],[46.6332336,42.0213961],[46.6484701,42.0355922],[46.650904,42.0721464],[46.6759304,42.090078],[46.6724434,42.0989989],[46.6650168,42.0996613],[46.6584354,42.1041917],[46.6563904,42.1114281],[46.664065,42.1201871],[46.6642535,42.1273912],[46.6606182,42.1307701],[46.6539323,42.1314211],[46.6433948,42.1271376],[46.5946436,42.1134118],[46.5812462,42.1135973],[46.5650486,42.1210263],[46.5631288,42.1338031],[46.5557646,42.1372295],[46.5305417,42.1414494],[46.5330163,42.1513952],[46.5310225,42.1614006],[46.5424516,42.1717806],[46.5468046,42.1821203]]],[[[46.4611773,43.5647657],[46.4644747,43.5586991],[46.47336,43.5580695],[46.4792243,43.56385],[46.4766969,43.5704454],[46.486372,43.5714897],[46.4910911,43.5744795],[46.4900051,43.5778696],[46.4791256,43.5809163],[46.4719545,43.5696238],[46.4621053,43.5678273],[46.4611773,43.5647657]]]]}},{"type":"Feature","properties":{"name":"Унцукульский район","sourceName":"Untsukulsky District","shapeID":"50074027B66153177417493"},"geometry":{"type":"Polygon","coordinates":[[[46.8858552,42.8802291],[46.8763842,42.8724845],[46.8853615,42.8667884],[46.8739384,42.8596306],[46.8637814,42.8599085],[46.8673287,42.8552324],[46.8520285,42.8382285],[46.8218979,42.8148216],[46.8086333,42.8137185],[46.7974541,42.8046518],[46.7952322,42.7892666],[46.7878221,42.7814763],[46.7735449,42.7813778],[46.7530499,42.7778085],[46.7211268,42.7817057],[46.680158,42.7820464],[46.6774633,42.7659237],[46.6666739,42.7633345],[46.6702472,42.7492298],[46.6581721,42.7437028],[46.6484662,42.7359337],[46.6442733,42.7388274],[46.6194318,42.7322054],[46.6534762,42.7277351],[46.6472653,42.7241776],[46.668686,42.7159913],[46.6742728,42.7110649],[46.6631252,42.6911168],[46.6605706,42.6800417],[46.6637936,42.6644995],[46.6621242,42.6620417],[46.6673863,42.6603551],[46.6886942,42.6340704],[46.691417,42.6234736],[46.7188758,42.6097301],[46.7290035,42.6223568],[46.7546031,42.6230787],[46.7482858,42.639288],[46.7417018,42.6460556],[46.7502262,42.6548154],[46.7866641,42.6392513],[46.7728091,42.6283544],[46.8273983,42.6359798],[46.8373606,42.6215485],[46.8478134,42.6170485],[46.9249131,42.5751496],[46.9603316,42.5653537],[46.9587449,42.5719701],[46.9631821,42.5784812],[46.9636433,42.593468],[46.9823554,42.588426],[47.0058151,42.5935439],[47.0149461,42.5901846],[47.0187437,42.5922809],[47.0223854,42.6016587],[47.0426941,42.5956171],[47.0657103,42.5852057],[47.0749172,42.5741883],[47.080353,42.5752904],[47.0853526,42.5829417],[47.0832541,42.5908581],[47.0804512,42.5928236],[47.0747896,42.6052051],[47.0949262,42.6079612],[47.1046563,42.6079181],[47.1313297,42.6025861],[47.1424218,42.60921],[47.1205606,42.6224625],[47.1047421,42.6204875],[47.1054405,42.638598],[47.0970523,42.6409237],[47.0686667,42.6444869],[47.0631365,42.6474629],[47.0549016,42.6603952],[47.0456305,42.6682315],[47.035429,42.6741658],[47.0286083,42.6909066],[46.9965952,42.6924261],[46.967883,42.7025099],[46.9493884,42.7069802],[46.9071938,42.7444443],[46.862108,42.7739492],[46.840341,42.7861257],[46.8407089,42.7985849],[46.9024659,42.858577],[46.8998749,42.8811881],[46.8858552,42.8802291]]]}},{"type":"Feature","properties":{"name":"Хасавюрт","sourceName":"городской округ Хасавюрт","shapeID":"50074027B74120248027506"},"geometry":{"type":"Polygon","coordinates":[[[46.5543077,43.2214783],[46.5656617,43.2094209],[46.5767552,43.204551],[46.5875954,43.2026444],[46.6142804,43.2033702],[46.6349063,43.2057637],[46.6476949,43.2102995],[46.6290969,43.2196577],[46.631782,43.2218963],[46.6294257,43.222863],[46.6328164,43.2309799],[46.6241599,43.2337963],[46.6294793,43.2412666],[46.6270038,43.2437555],[46.6294655,43.2506097],[46.6244678,43.257088],[46.6223773,43.2663228],[46.6249604,43.2693561],[46.6239064,43.2774861],[46.6209495,43.2793803],[46.6174839,43.2782966],[46.615319,43.2822619],[46.6131742,43.2815566],[46.6084861,43.2846737],[46.6018898,43.2859715],[46.5898382,43.2840508],[46.5694432,43.2844142],[46.5648836,43.2768874],[46.5693244,43.2726288],[46.5666374,43.2651402],[46.5736981,43.2644544],[46.5708099,43.2559501],[46.5661113,43.2593277],[46.5648025,43.2536769],[46.5525848,43.255292],[46.5535644,43.2486371],[46.5651729,43.2451238],[46.5650973,43.2403302],[46.5592228,43.2411016],[46.5566281,43.2399792],[46.5476765,43.2303026],[46.5543077,43.2214783]]]}},{"type":"Feature","properties":{"name":"Хасавюртовский район","sourceName":"Khasavyurtovsky District","shapeID":"50074027B6586057166597"},"geometry":{"type":"MultiPolygon","coordinates":[[[[46.408609,43.5194255],[46.411179,43.5099287],[46.4071338,43.5022414],[46.40079,43.4986118],[46.387362,43.498251],[46.38127,43.49494],[46.386732,43.4886069],[46.3867218,43.4798686],[46.3709284,43.4719479],[46.3550258,43.4700873],[46.3422801,43.4610957],[46.3338732,43.4572019],[46.3275714,43.4497803],[46.3316137,43.4137072],[46.3352492,43.4005605],[46.3432266,43.3929736],[46.3542078,43.3722324],[46.3591493,43.3709043],[46.3630255,43.354251],[46.3705017,43.3497736],[46.369918,43.3417467],[46.3961097,43.3356641],[46.4020634,43.3275198],[46.4095268,43.3242795],[46.414826,43.3110551],[46.4142564,43.3036697],[46.4199545,43.2970495],[46.4240663,43.2951477],[46.4205529,43.2879361],[46.4237252,43.2830423],[46.4238158,43.2788708],[46.4212168,43.2737905],[46.4194616,43.2734278],[46.4167338,43.2615781],[46.4090166,43.2553687],[46.4104917,43.2431312],[46.420594,43.2399594],[46.4731484,43.2414576],[46.5221458,43.2399466],[46.535319,43.2380656],[46.5386086,43.2515519],[46.5439351,43.2479101],[46.5535644,43.2486371],[46.5525848,43.255292],[46.5648025,43.2536769],[46.5661113,43.2593277],[46.5708099,43.2559501],[46.5736981,43.2644544],[46.5666374,43.2651402],[46.5693244,43.2726288],[46.5648836,43.2768874],[46.5694432,43.2844142],[46.5898382,43.2840508],[46.6018898,43.2859715],[46.6084861,43.2846737],[46.6131742,43.2815566],[46.615319,43.2822619],[46.6174839,43.2782966],[46.6209495,43.2793803],[46.6239064,43.2774861],[46.6249604,43.2693561],[46.6223773,43.2663228],[46.6244678,43.257088],[46.6294655,43.2506097],[46.6270038,43.2437555],[46.6294793,43.2412666],[46.6241599,43.2337963],[46.6328164,43.2309799],[46.6294257,43.222863],[46.631782,43.2218963],[46.6290969,43.2196577],[46.6476949,43.2102995],[46.6349063,43.2057637],[46.6142804,43.2033702],[46.5875954,43.2026444],[46.5767552,43.204551],[46.5656617,43.2094209],[46.5543077,43.2214783],[46.5563192,43.2130522],[46.5369644,43.1954884],[46.5373512,43.1913451],[46.571623,43.1797907],[46.5899274,43.1838308],[46.597814,43.1708822],[46.595245,43.137849],[46.6217466,43.130877],[46.6208407,43.1177299],[46.629534,43.1143612],[46.6351284,43.1165426],[46.6544766,43.1108486],[46.6646807,43.1146249],[46.693328,43.1104642],[46.7216478,43.1182064],[46.7482189,43.1310845],[46.8049331,43.1431629],[46.8032638,43.1532687],[46.7802317,43.1502697],[46.7790465,43.1546079],[46.7856553,43.1564248],[46.7890999,43.1621306],[46.7647157,43.168379],[46.7703147,43.1905985],[46.7491977,43.1940566],[46.7645626,43.1980297],[46.7710805,43.1972018],[46.785337,43.1905077],[46.7944702,43.2000811],[46.7940955,43.2045804],[46.8017004,43.2107967],[46.8086219,43.210095],[46.8095367,43.2145907],[46.8275452,43.2172567],[46.8311197,43.2097817],[46.8354471,43.2099013],[46.8343294,43.2280919],[46.8325613,43.2309261],[46.8347185,43.2432418],[46.8381263,43.2475915],[46.8356076,43.2507166],[46.836894,43.2533585],[46.8331619,43.2613993],[46.8363318,43.2670712],[46.8348698,43.2750154],[46.827637,43.2804537],[46.8278516,43.282172],[46.8324006,43.2832654],[46.8301862,43.2861099],[46.8362373,43.2854851],[46.8412584,43.2884528],[46.8420995,43.2920748],[46.8471206,43.2919499],[46.8455125,43.2957232],[46.849026,43.2976363],[46.8470519,43.3000412],[46.8506139,43.3016653],[46.8479102,43.3051631],[46.8501676,43.3090964],[46.8474639,43.3092213],[46.8465198,43.3107827],[46.8480218,43.3127812],[46.8492234,43.3116571],[46.8508285,43.3123456],[46.8495023,43.3143613],[46.8540109,43.3158812],[46.853153,43.3193883],[46.856662,43.3250343],[46.8630336,43.325935],[46.8616339,43.3329265],[46.8654417,43.3296465],[46.868813,43.3309821],[46.866804,43.3334609],[46.8726208,43.3368056],[46.8769615,43.343158],[46.8811651,43.3400024],[46.8882831,43.340504],[46.8986398,43.3448801],[46.8973744,43.3484695],[46.903655,43.3521798],[46.911392,43.351471],[46.9226893,43.3465031],[46.9259033,43.3481128],[46.9208163,43.3528644],[46.9182834,43.352075],[46.9142691,43.3535625],[46.9121856,43.3571585],[46.9117284,43.3593648],[46.9179449,43.3619707],[46.891857,43.380558],[46.8775452,43.3886423],[46.8597026,43.3852793],[46.8664985,43.3965469],[46.9360174,43.4122303],[46.9355639,43.4059887],[46.9460041,43.3909278],[46.9566616,43.385925],[46.9570099,43.3837587],[46.9599495,43.3832865],[46.9567969,43.3795776],[46.9526613,43.3800164],[46.9467036,43.377441],[46.943997,43.3788078],[46.941607,43.3777907],[46.9454314,43.3702292],[46.9558009,43.3693054],[46.964804,43.3666473],[46.9699531,43.3630279],[46.9673114,43.3588963],[46.9731821,43.3543229],[46.9761734,43.3646601],[46.9847129,43.3654398],[46.9869303,43.3607631],[46.9916201,43.361443],[46.999846,43.3679479],[47.0057608,43.3785115],[47.0048621,43.3800162],[47.0098057,43.3878207],[47.0003671,43.3958265],[47.0009188,43.4016772],[46.9844827,43.4106839],[46.9819534,43.4149257],[46.9999428,43.4312802],[46.9867376,43.4448077],[46.9762387,43.4457926],[46.9731367,43.4510106],[46.9750044,43.4765395],[46.9704157,43.4843658],[46.9619024,43.4878852],[46.9562552,43.4878007],[46.9524753,43.4914149],[46.932908,43.4931524],[46.9271689,43.4881036],[46.8903731,43.4849833],[46.8860735,43.4831638],[46.8855764,43.4787044],[46.8817709,43.4745642],[46.8589396,43.4758674],[46.8540696,43.4784841],[46.8496069,43.4776498],[46.8364497,43.4636752],[46.8119517,43.458837],[46.7878015,43.4562131],[46.7759902,43.4596395],[46.772259,43.4680858],[46.7700758,43.4681438],[46.7708745,43.469535],[46.7639257,43.4741142],[46.7617159,43.4736312],[46.7526748,43.4781042],[46.7444418,43.477465],[46.7382874,43.4817971],[46.7296443,43.4828393],[46.717744,43.481917],[46.7160598,43.479919],[46.713321,43.4813832],[46.696037,43.4716101],[46.6905522,43.4720137],[46.6743034,43.4833305],[46.6571827,43.5014918],[46.6428567,43.5034636],[46.6296166,43.5081233],[46.5951852,43.5160037],[46.6089679,43.5369981],[46.5684495,43.5324032],[46.5595195,43.5332018],[46.5499249,43.53087],[46.5493242,43.5391698],[46.5345443,43.5350667],[46.511327,43.525202],[46.5080127,43.5294727],[46.5052566,43.5302068],[46.5001381,43.5295318],[46.4858528,43.5236788],[46.4656739,43.5249177],[46.4473273,43.5224146],[46.4253785,43.5141248],[46.408609,43.5194255]],[[46.6025029,43.4539306],[46.6031895,43.4576377],[46.6060112,43.4586501],[46.6064296,43.460597],[46.6050456,43.4687578],[46.6067301,43.4737487],[46.6088973,43.4754927],[46.6152702,43.4744105],[46.6205917,43.4698089],[46.6153639,43.4618143],[46.6118155,43.4513681],[46.6063009,43.4515239],[46.6025029,43.4539306]],[[46.7799758,43.4282989],[46.7808892,43.4309518],[46.7914313,43.4341601],[46.7937641,43.4333131],[46.7936934,43.4301561],[46.7872076,43.4257796],[46.7799758,43.4282989]]],[[[46.9736951,43.3523249],[46.9739566,43.3496626],[46.979598,43.3500022],[46.9799902,43.3558428],[46.9785706,43.3569294],[46.9757499,43.356454],[46.9736951,43.3523249]]]]}},{"type":"Feature","properties":{"name":"Хивский район","sourceName":"Khivsky District","shapeID":"50074027B75156054240357"},"geometry":{"type":"Polygon","coordinates":[[[47.8117484,41.714855],[47.835511,41.715745],[47.8419993,41.7136348],[47.837638,41.705214],[47.8410472,41.7032161],[47.8523363,41.7089527],[47.8562049,41.7066282],[47.8596017,41.7008517],[47.8656417,41.6973541],[47.8654145,41.6845182],[47.8773324,41.6716325],[47.8833343,41.6698251],[47.8750219,41.6660112],[47.8913992,41.6645618],[47.9113018,41.669336],[47.9382704,41.6827016],[47.9732583,41.6928957],[48.0091076,41.6834546],[48.0238459,41.6829257],[48.0320941,41.6857203],[48.0371322,41.7008217],[48.0330897,41.7043964],[48.0565101,41.7353933],[48.0873404,41.7255675],[48.0914753,41.745933],[48.0977478,41.7509433],[48.100737,41.7768015],[48.1175182,41.7804304],[48.1225285,41.777785],[48.1190542,41.7755486],[48.1185787,41.7726575],[48.1289286,41.773994],[48.1402676,41.7732161],[48.148424,41.7746721],[48.1427762,41.7817571],[48.1499535,41.7829699],[48.1568848,41.7891985],[48.1457137,41.8003722],[48.1254785,41.7906799],[48.109197,41.7913116],[48.096564,41.7857353],[48.0807217,41.7876804],[48.0812455,41.798338],[48.0863479,41.7995654],[48.0813227,41.8113951],[48.0781399,41.804019],[48.0683383,41.8098906],[48.0521634,41.8125393],[48.0526633,41.8230585],[48.0401329,41.8244998],[48.0387639,41.8112318],[48.0219146,41.8310787],[48.0152781,41.8318076],[48.0164868,41.841754],[48.0120703,41.8424243],[47.9984323,41.8361294],[47.9628691,41.8364987],[47.94701,41.8624069],[47.9418505,41.8630936],[47.9381775,41.8476661],[47.9285,41.8468047],[47.9021088,41.8804501],[47.9028229,41.8859511],[47.8941816,41.8979904],[47.8660123,41.8883346],[47.8611239,41.8800827],[47.8541257,41.8745249],[47.8338967,41.8702451],[47.8109299,41.87081],[47.7970948,41.8766915],[47.7985746,41.8816652],[47.7730414,41.8956755],[47.754985,41.8988802],[47.744999,41.8979638],[47.7385811,41.8903871],[47.7325481,41.8789619],[47.729674,41.87727],[47.7201926,41.8772775],[47.7166754,41.879214],[47.7133918,41.87388],[47.7269496,41.861922],[47.7243913,41.8596159],[47.7259731,41.8570895],[47.7366567,41.8506973],[47.7383563,41.8460195],[47.7481333,41.84103],[47.7492125,41.8374744],[47.7466824,41.832674],[47.7543641,41.8270204],[47.7618605,41.8275398],[47.7648691,41.824315],[47.7782597,41.8271802],[47.7923813,41.8274902],[47.7961974,41.8245815],[47.7973295,41.8208961],[47.7868681,41.8142814],[47.7940688,41.7982843],[47.8078898,41.7913256],[47.8092114,41.7868214],[47.8139804,41.786744],[47.8164592,41.7851132],[47.8107145,41.7763373],[47.7927534,41.766809],[47.7949212,41.7655894],[47.7969218,41.7602418],[47.7997255,41.7502862],[47.7993112,41.7447836],[47.8039614,41.7423848],[47.809196,41.7363257],[47.8091789,41.7226587],[47.8117484,41.714855]]]}},{"type":"Feature","properties":{"name":"Хунзахский район","sourceName":"Khunzakhsky District","shapeID":"50074027B9705955017100"},"geometry":{"type":"MultiPolygon","coordinates":[[[[46.6673863,42.6603551],[46.6655332,42.6515001],[46.642326,42.6569171],[46.6411202,42.6665932],[46.6216673,42.6679342],[46.6057411,42.6573277],[46.5824814,42.6700324],[46.5769552,42.6689089],[46.5698984,42.6726757],[46.5708386,42.6808],[46.5502557,42.6943309],[46.5276666,42.6655904],[46.5215439,42.6704673],[46.5145862,42.6654969],[46.511681,42.6678618],[46.5004433,42.6638702],[46.4958504,42.6567535],[46.4822258,42.6535969],[46.4618695,42.6521917],[46.4493784,42.6329039],[46.4531267,42.6323008],[46.4552282,42.6256067],[46.4457395,42.6057246],[46.4436201,42.5790815],[46.4575827,42.5894615],[46.4630842,42.5835573],[46.4627206,42.5680045],[46.4782127,42.555582],[46.4724733,42.5512109],[46.4528503,42.547572],[46.4613533,42.5416298],[46.4611136,42.5313538],[46.4524382,42.5297972],[46.44653,42.517926],[46.4432469,42.5176546],[46.4445825,42.5148946],[46.4619033,42.5007842],[46.46954,42.5062428],[46.4928584,42.5078861],[46.5026978,42.5110912],[46.5175719,42.5050611],[46.5267762,42.5129954],[46.5327941,42.5287504],[46.5775319,42.5303656],[46.6441557,42.5213724],[46.643137,42.4824932],[46.6536663,42.4690067],[46.6754,42.4678576],[46.71012,42.4751234],[46.7223298,42.4824415],[46.7289525,42.4912317],[46.7380809,42.4955386],[46.7579844,42.4957906],[46.7874543,42.4892227],[46.7962445,42.4815844],[46.8262483,42.4808323],[46.8344121,42.4776459],[46.8443038,42.4694306],[46.8510632,42.4695994],[46.862447,42.4738599],[46.8895017,42.4878658],[46.8882783,42.4896208],[46.8898371,42.4930198],[46.9069316,42.5175777],[46.8912189,42.5320063],[46.8736814,42.535906],[46.8619389,42.5452652],[46.8679274,42.5663766],[46.8542494,42.575793],[46.8373727,42.5846362],[46.8517452,42.5880096],[46.8500681,42.5955627],[46.8323386,42.6146164],[46.8478134,42.6170485],[46.8373606,42.6215485],[46.8273983,42.6359798],[46.7728091,42.6283544],[46.7866641,42.6392513],[46.7502262,42.6548154],[46.7417018,42.6460556],[46.7482858,42.639288],[46.7546031,42.6230787],[46.7290035,42.6223568],[46.7188758,42.6097301],[46.691417,42.6234736],[46.6886942,42.6340704],[46.6673863,42.6603551]]],[[[46.7799758,43.4282989],[46.7872076,43.4257796],[46.7936934,43.4301561],[46.7937641,43.4333131],[46.7914313,43.4341601],[46.7808892,43.4309518],[46.7799758,43.4282989]]],[[[47.0922707,43.261309],[47.092341,43.2550627],[47.0978019,43.2548283],[47.0978019,43.258993],[47.1020827,43.261837],[47.1029089,43.2658684],[47.1001086,43.26647],[47.0979414,43.2711885],[47.095227,43.270173],[47.0922707,43.261309]]],[[[47.0184741,43.2831388],[47.0228318,43.2789244],[47.0292121,43.2789855],[47.0320101,43.2802818],[47.0332561,43.2831839],[47.0269228,43.2851889],[47.025124,43.2871728],[47.0202547,43.2864851],[47.0184741,43.2831388]]]]}},{"type":"Feature","properties":{"name":"Цумадинский район","sourceName":"Tsumadinsky District","shapeID":"50074027B23487269417639"},"geometry":{"type":"Polygon","coordinates":[[[46.1421542,42.2804922],[46.1808431,42.3087165],[46.215491,42.3197453],[46.2590212,42.3437241],[46.2549385,42.3832198],[46.2700816,42.390832],[46.2671732,42.4139234],[46.2879603,42.4403624],[46.2790488,42.4632433],[46.2621218,42.4798222],[46.2622828,42.5064909],[46.2458922,42.51306],[46.2363882,42.5262203],[46.2478528,42.5360974],[46.2476099,42.5427676],[46.2405722,42.5478447],[46.2423337,42.5608829],[46.2066552,42.5718211],[46.156637,42.5906727],[46.1418844,42.6063783],[46.1298018,42.6037199],[46.0621403,42.6054785],[46.0190713,42.6144736],[46.0071797,42.6028622],[46.0012266,42.5942333],[45.9920462,42.5948108],[45.9827815,42.5908594],[45.9705783,42.5816204],[45.967702,42.581219],[45.9633542,42.5815534],[45.953287,42.5879745],[45.9522167,42.5928572],[45.9466482,42.5981546],[45.9362278,42.6030542],[45.927817,42.6054558],[45.9258085,42.6045513],[45.9134999,42.5898844],[45.8953233,42.5840393],[45.895426,42.5807203],[45.905428,42.5602074],[45.9133479,42.5534237],[45.9046712,42.5536299],[45.9002564,42.5522921],[45.887815,42.5448003],[45.8822293,42.5382201],[45.863436,42.5374818],[45.8593345,42.5352572],[45.8415943,42.5158364],[45.8338352,42.5109533],[45.8221294,42.5072742],[45.8226646,42.5027257],[45.8191864,42.4989798],[45.803601,42.4978426],[45.7735261,42.4882012],[45.776394,42.487586],[45.777145,42.473818],[45.774153,42.467924],[45.773614,42.461559],[45.779658,42.453442],[45.781574,42.446946],[45.775638,42.438869],[45.77459,42.428526],[45.770822,42.421727],[45.762727,42.412455],[45.755155,42.408183],[45.752114,42.397767],[45.734701,42.378317],[45.739912,42.364862],[45.742794,42.362114],[45.742312,42.334194],[45.750369,42.328569],[45.776197,42.3371743],[45.795724,42.3414857],[45.809219,42.3425025],[45.8329211,42.3223292],[45.8419017,42.3219858],[45.8490479,42.3244335],[45.8588682,42.3307504],[45.8721717,42.3450971],[45.8802412,42.3597602],[45.8903487,42.3857978],[45.9205007,42.3975061],[45.9318676,42.405749],[45.9497778,42.3753191],[45.9639338,42.3699223],[45.9809673,42.3569978],[45.9985311,42.3543458],[46.0264934,42.3463197],[46.0265877,42.3290936],[46.0164517,42.3041794],[46.0151237,42.2914111],[46.0184507,42.2888811],[46.0502332,42.2874832],[46.0650155,42.2765115],[46.0784577,42.2749967],[46.113236,42.2955015],[46.1214823,42.2962546],[46.1421542,42.2804922]]]}},{"type":"Feature","properties":{"name":"Цунтинский район","sourceName":"Tsuntinsky District","shapeID":"50074027B26544936319083"},"geometry":{"type":"Polygon","coordinates":[[[45.750369,42.328569],[45.756161,42.325801],[45.753493,42.320586],[45.753058,42.309827],[45.742796,42.297155],[45.73816,42.293772],[45.721866,42.288985],[45.717086,42.292996],[45.701961,42.29673],[45.688205,42.285638],[45.678099,42.286039],[45.669949,42.283016],[45.660816,42.288529],[45.658097,42.292184],[45.652429,42.292216],[45.644057,42.282482],[45.642475,42.277486],[45.638933,42.275573],[45.634242,42.266044],[45.627306,42.261419],[45.62296,42.255528],[45.61927,42.253956],[45.618165,42.25055],[45.622703,42.244994],[45.6213,42.242386],[45.608193,42.232447],[45.608163,42.213339],[45.611806,42.210362],[45.622504,42.209167],[45.632033,42.198096],[45.644197,42.190863],[45.647516,42.186408],[45.651022,42.185251],[45.67168,42.186383],[45.68352,42.17801],[45.692988,42.176815],[45.701363,42.173694],[45.706667,42.169339],[45.72082,42.16345],[45.721228,42.159011],[45.725601,42.153752],[45.737812,42.152195],[45.74572,42.148732],[45.747982,42.146101],[45.740253,42.138644],[45.738947,42.131543],[45.745207,42.131048],[45.748371,42.127274],[45.769147,42.126909],[45.769484,42.116897],[45.78603,42.102069],[45.791241,42.103512],[45.793294,42.108958],[45.803924,42.11605],[45.822892,42.106133],[45.834104,42.11083],[45.841721,42.109295],[45.850378,42.111655],[45.853981,42.115988],[45.857015,42.112466],[45.870299,42.109211],[45.87978,42.104033],[45.884473,42.103538],[45.89222,42.106691],[45.897218,42.106021],[45.905796,42.097119],[45.913586,42.095129],[45.913866,42.087784],[45.920696,42.080788],[45.912556,42.071617],[45.911838,42.064523],[45.913961,42.062212],[45.92728,42.057],[45.930244,42.054394],[45.934246,42.043835],[45.927909,42.031495],[45.940289,42.036099],[45.943824,42.035783],[45.943813,42.029874],[45.954341,42.023821],[45.957576,42.024081],[45.964935,42.027346],[45.968784,42.032534],[45.972653,42.033993],[45.974485,42.038051],[45.987334,42.045341],[45.992362,42.042028],[45.998346,42.040828],[46.001599,42.037301],[46.004748,42.036872],[46.0176,42.041807],[46.02083,42.041663],[46.023626,42.033607],[46.023431,42.026266],[46.02901,42.023922],[46.033939,42.024279],[46.040485,42.019917],[46.04382,42.021608],[46.047197,42.021061],[46.051826,42.026526],[46.060634,42.028739],[46.063082,42.032503],[46.073375,42.04061],[46.077407,42.037819],[46.083631,42.028223],[46.085071,42.022416],[46.083641,42.01979],[46.085661,42.016387],[46.083864,42.01028],[46.085935,42.005384],[46.0906604,42.0024113],[46.094678,41.994918],[46.104212,41.990409],[46.10629,41.986029],[46.109218,41.986403],[46.115234,41.991852],[46.113771,41.996168],[46.117199,41.998716],[46.121133,41.999366],[46.1248782,42.0041933],[46.133048,42.00774],[46.141973,42.007881],[46.147179,42.010812],[46.150327,42.0078973],[46.150739,41.994943],[46.153448,41.991646],[46.159265,41.990153],[46.168862,41.993555],[46.1738446,41.997689],[46.178806,41.999018],[46.191339,41.998831],[46.196976,42.0048598],[46.2015701,42.0070331],[46.2185044,42.0092015],[46.2188392,42.012454],[46.221575,42.0155484],[46.2242186,42.0156648],[46.2296183,42.0555361],[46.2680617,42.0808968],[46.2726303,42.1046849],[46.2709622,42.132977],[46.2635764,42.1361077],[46.2693663,42.1462999],[46.2610597,42.1594195],[46.2466855,42.167338],[46.2302783,42.1666835],[46.204469,42.1614136],[46.1936615,42.1612494],[46.1736594,42.167554],[46.1623137,42.1787571],[46.146299,42.1586833],[46.1339822,42.1574198],[46.127719,42.1613622],[46.1169339,42.183643],[46.1029712,42.195143],[46.1000358,42.2032097],[46.1095535,42.2144828],[46.1421542,42.2804922],[46.1214823,42.2962546],[46.113236,42.2955015],[46.0784577,42.2749967],[46.0650155,42.2765115],[46.0502332,42.2874832],[46.0184507,42.2888811],[46.0151237,42.2914111],[46.0164517,42.3041794],[46.0265877,42.3290936],[46.0264934,42.3463197],[45.9985311,42.3543458],[45.9809673,42.3569978],[45.9639338,42.3699223],[45.9497778,42.3753191],[45.9318676,42.405749],[45.9205007,42.3975061],[45.8903487,42.3857978],[45.8802412,42.3597602],[45.8721717,42.3450971],[45.8588682,42.3307504],[45.8490479,42.3244335],[45.8419017,42.3219858],[45.8329211,42.3223292],[45.809219,42.3425025],[45.795724,42.3414857],[45.776197,42.3371743],[45.750369,42.328569]]]}},{"type":"Feature","properties":{"name":"Чародинский район","sourceName":"Charodinsky District","shapeID":"50074027B52269813147632"},"geometry":{"type":"Polygon","coordinates":[[[46.5468046,42.1821203],[46.5424516,42.1717806],[46.5310225,42.1614006],[46.5330163,42.1513952],[46.5305417,42.1414494],[46.5557646,42.1372295],[46.5631288,42.1338031],[46.5650486,42.1210263],[46.5812462,42.1135973],[46.5946436,42.1134118],[46.6433948,42.1271376],[46.6539323,42.1314211],[46.6606182,42.1307701],[46.6642535,42.1273912],[46.664065,42.1201871],[46.6563904,42.1114281],[46.6584354,42.1041917],[46.6650168,42.0996613],[46.6724434,42.0989989],[46.6759304,42.090078],[46.650904,42.0721464],[46.6484701,42.0355922],[46.6332336,42.0213961],[46.6727274,41.9964343],[46.6748253,41.9914142],[46.6738961,41.9559469],[46.6730667,41.9526327],[46.6663418,41.9510673],[46.6729218,41.9470909],[46.6825138,41.9447331],[46.7152193,41.9459123],[46.7311601,41.9312588],[46.745368,41.9077593],[46.7437033,41.9011319],[46.7391474,41.8973202],[46.738982,41.8912244],[46.7486689,41.8927405],[46.7567817,41.8909534],[46.7655136,41.8847211],[46.7683729,41.8807964],[46.7630491,41.8716453],[46.7904948,41.8760184],[46.8055425,41.8835442],[46.8094692,41.8912439],[46.8178472,41.898873],[46.8223448,41.9004648],[46.834859,41.8969392],[46.8582554,41.8849206],[46.8670732,41.8820056],[46.8738277,41.8846675],[46.877021,41.8923768],[46.8868904,41.8999764],[46.9139059,41.9100625],[46.9302923,41.9120057],[46.9363274,41.9152304],[46.9465105,41.9243356],[46.9362349,41.9281892],[46.9215562,41.9383463],[46.9201704,41.9492389],[46.9267642,41.9548828],[46.9296025,41.9637864],[46.9218375,41.9904508],[46.9342558,42.0043084],[46.9313731,42.0081932],[46.932859,42.0289477],[46.9399492,42.0365005],[46.9468948,42.03926],[46.9740531,42.0576573],[46.97437,42.0678817],[46.9706454,42.0861676],[46.9631512,42.0936488],[46.9558682,42.0940929],[46.9411556,42.0901869],[46.935579,42.0902811],[46.9314832,42.0967438],[46.930887,42.1053853],[46.9410385,42.1144847],[46.9475651,42.1313171],[46.9487763,42.142805],[46.9353583,42.1676475],[46.9288058,42.1777212],[46.9197128,42.1981548],[46.9087435,42.2061169],[46.8866477,42.2170398],[46.8827613,42.2246049],[46.8836883,42.2432036],[46.894244,42.2585876],[46.8444686,42.2702342],[46.8612301,42.2805204],[46.8558003,42.2867205],[46.8206455,42.2872842],[46.8337124,42.3120796],[46.8089317,42.3094173],[46.8091385,42.3166373],[46.7897289,42.3186089],[46.7401844,42.3410416],[46.7383823,42.3571824],[46.7020703,42.3580051],[46.6947918,42.352001],[46.694119,42.3408982],[46.6750924,42.3295094],[46.6539366,42.3223154],[46.6511717,42.3167989],[46.6343542,42.3178733],[46.6175118,42.3033876],[46.6157241,42.2920222],[46.6175563,42.2758826],[46.6249529,42.2579973],[46.5829539,42.2385815],[46.5744759,42.2284186],[46.5659419,42.2007529],[46.5640231,42.1835537],[46.557593,42.1803073],[46.5468046,42.1821203]]]}},{"type":"Feature","properties":{"name":"Шамильский район","sourceName":"Shamilsky District","shapeID":"50074027B87366029157505"},"geometry":{"type":"Polygon","coordinates":[[[46.7383823,42.3571824],[46.7550158,42.3760983],[46.7510657,42.3822706],[46.7387815,42.3852358],[46.7414378,42.4135327],[46.7760655,42.4316148],[46.7763261,42.4541137],[46.7696701,42.4575504],[46.7527866,42.4575321],[46.7530423,42.466696],[46.7490093,42.4700914],[46.7491717,42.475923],[46.7526874,42.4808699],[46.7871223,42.4775598],[46.7962445,42.4815844],[46.7874543,42.4892227],[46.7579844,42.4957906],[46.7380809,42.4955386],[46.7289525,42.4912317],[46.7223298,42.4824415],[46.71012,42.4751234],[46.6754,42.4678576],[46.6536663,42.4690067],[46.643137,42.4824932],[46.6441557,42.5213724],[46.5775319,42.5303656],[46.5327941,42.5287504],[46.5267762,42.5129954],[46.5175719,42.5050611],[46.5026978,42.5110912],[46.4928584,42.5078861],[46.46954,42.5062428],[46.4619033,42.5007842],[46.4445825,42.5148946],[46.4432469,42.5176546],[46.4348661,42.5169614],[46.4308456,42.5053435],[46.414267,42.5027711],[46.3944093,42.4877346],[46.3865666,42.4725499],[46.3329671,42.4579059],[46.3292446,42.4415579],[46.324276,42.4371703],[46.30671,42.4401501],[46.2879603,42.4403624],[46.2671732,42.4139234],[46.2700816,42.390832],[46.2549385,42.3832198],[46.2590212,42.3437241],[46.2703826,42.3499887],[46.2895027,42.3508866],[46.3044179,42.3476618],[46.3239543,42.3327132],[46.3639853,42.3311326],[46.3717558,42.3268726],[46.3778766,42.3156862],[46.4071196,42.3008842],[46.4052401,42.2836821],[46.4774315,42.2508247],[46.4800456,42.2346771],[46.5218111,42.2146826],[46.529642,42.1984645],[46.5468046,42.1821203],[46.557593,42.1803073],[46.5640231,42.1835537],[46.5659419,42.2007529],[46.5744759,42.2284186],[46.5829539,42.2385815],[46.6249529,42.2579973],[46.6175563,42.2758826],[46.6157241,42.2920222],[46.6175118,42.3033876],[46.6343542,42.3178733],[46.6511717,42.3167989],[46.6539366,42.3223154],[46.6750924,42.3295094],[46.694119,42.3408982],[46.6947918,42.352001],[46.7020703,42.3580051],[46.7383823,42.3571824]]]}},{"type":"Feature","properties":{"name":"Южно-Сухокумск","sourceName":"городской округ Южно-Сухок","shapeID":"50074027B94455479493874"},"geometry":{"type":"Polygon","coordinates":[[[45.6221564,44.6609566],[45.6248053,44.6544746],[45.6527489,44.6473722],[45.667404,44.6555271],[45.6653992,44.6698511],[45.6508423,44.6738477],[45.6354983,44.6725704],[45.6221564,44.6609566]]]}}]}
